game_id,season,game_type,week,gameday,weekday,gametime,away_team,away_score,home_team,home_score,location,result,total,overtime,old_game_id,gsis,nfl_detail_id,pfr,pff,espn,ftn,away_rest,home_rest,away_moneyline,home_moneyline,spread_line,away_spread_odds,home_spread_odds,total_line,under_odds,over_odds,div_game,roof,surface,temp,wind,away_qb_id,home_qb_id,away_qb_name,home_qb_name,away_coach,home_coach,referee,stadium_id,stadium,conf_game
2024_01_BAL_KC,2024,REG,1,2024-09-05,Thursday,20:20,BAL,20.0,KC,27.0,Home,7.0,47.0,0.0,2024090500,59508.0,,202409050kan,,401671789,6449.0,7,7,124.0,-148.0,3.0,-118.0,-102.0,46.0,-110.0,-110.0,0,outdoors,grass,67.0,8.0,00-0034796,00-0033873,Lamar Jackson,Patrick Mahomes,John Harbaugh,Andy Reid,Shawn Hochuli,KAN00,GEHA Field at Arrowhead Stadium,True
2024_01_GB_PHI,2024,REG,1,2024-09-06,Friday,20:15,GB,29.0,PHI,34.0,Neutral,5.0,63.0,0.0,2024090600,59509.0,,202409060phi,,401671805,6450.0,7,7,110.0,-130.0,2.0,-110.0,-110.0,49.5,-112.0,-108.0,0,outdoors,,,,00-0036264,00-0036389,Jordan Love,Jalen Hurts,Matt LaFleur,Nick Sirianni,Ron Torbert,SAO00,Arena Corinthians,True
2024_01_PIT_ATL,2024,REG,1,2024-09-08,Sunday,13:00,PIT,18.0,ATL,10.0,Home,-8.0,28.0,0.0,2024090800,59510.0,,202409080atl,,401671744,6451.0,7,7,160.0,-192.0,4.0,-110.0,-110.0,43.0,-115.0,-105.0,0,closed,fieldturf,,,00-0036945,00-0029604,Justin Fields,Kirk Cousins,Mike Tomlin,Raheem Morris,Brad Rogers,ATL97,Mercedes-Benz Stadium,False
2024_01_ARI_BUF,2024,REG,1,2024-09-08,Sunday,13:00,ARI,28.0,BUF,34.0,Home,6.0,62.0,0.0,2024090801,59511.0,,202409080buf,,401671617,6452.0,7,7,250.0,-310.0,6.5,-105.0,-115.0,46.0,-112.0,-108.0,0,outdoors,a_turf,61.0,20.0,00-0035228,00-0034857,Kyler Murray,Josh Allen,Jonathan Gannon,Sean McDermott,Tra Blake,BUF00,New Era Field,False
2024_01_TEN_CHI,2024,REG,1,2024-09-08,Sunday,13:00,TEN,17.0,CHI,24.0,Home,7.0,41.0,0.0,2024090802,59512.0,,202409080chi,,401671719,6453.0,7,7,164.0,-198.0,4.0,-108.0,-112.0,43.0,-110.0,-110.0,0,outdoors,grass,67.0,8.0,00-0039152,00-0039918,Will Levis,Caleb Williams,Brian Callahan,Matt Eberflus,Shawn Smith,CHI98,Soldier Field,False
2024_01_NE_CIN,2024,REG,1,2024-09-08,Sunday,13:00,NE,16.0,CIN,10.0,Home,-6.0,26.0,0.0,2024090803,59513.0,,202409080cin,,401671628,6454.0,7,7,295.0,-375.0,8.0,-110.0,-110.0,40.5,-112.0,-108.0,0,outdoors,fieldturf,66.0,5.0,00-0033119,00-0036442,Jacoby Brissett,Joe Burrow,Jerod Mayo,Zac Taylor,Land Clark,CIN00,Paycor Stadium,True
2024_01_HOU_IND,2024,REG,1,2024-09-08,Sunday,13:00,HOU,29.0,IND,27.0,Home,-2.0,56.0,0.0,2024090804,59514.0,,202409080clt,,401671861,6455.0,7,7,-155.0,130.0,-3.0,-108.0,-112.0,49.0,-112.0,-108.0,1,closed,fieldturf,,,00-0039163,00-0039164,C.J. Stroud,Anthony Richardson,DeMeco Ryans,Shane Steichen,John Hussey,IND00,Lucas Oil Stadium,True
2024_01_JAX_MIA,2024,REG,1,2024-09-08,Sunday,13:00,JAX,17.0,MIA,20.0,Home,3.0,37.0,0.0,2024090805,59515.0,,202409080mia,,401671849,6456.0,7,7,150.0,-180.0,3.5,-110.0,-110.0,49.5,-112.0,-108.0,0,outdoors,grass,91.0,10.0,00-0036971,00-0036212,Trevor Lawrence,Tua Tagovailoa,Doug Pederson,Mike McDaniel,Craig Wrolstad,MIA00,Hard Rock Stadium,True
2024_01_CAR_NO,2024,REG,1,2024-09-08,Sunday,13:00,CAR,10.0,NO,47.0,Home,37.0,57.0,0.0,2024090806,59516.0,,202409080nor,,401671734,6457.0,7,7,160.0,-192.0,3.5,-108.0,-112.0,41.5,-112.0,-108.0,1,dome,sportturf,,,00-0039150,00-0031280,Bryce Young,Derek Carr,Dave Canales,Dennis Allen,Alan Eck,NOR00,Mercedes-Benz Superdome,True
2024_01_MIN_NYG,2024,REG,1,2024-09-08,Sunday,13:00,MIN,28.0,NYG,6.0,Home,-22.0,34.0,0.0,2024090807,59517.0,,202409080nyg,,401671712,6458.0,7,7,-115.0,-105.0,-1.0,-108.0,-112.0,42.5,-108.0,-112.0,0,outdoors,fieldturf,64.0,10.0,00-0034869,00-0035710,Sam Darnold,Daniel Jones,Kevin O'Connell,Brian Daboll,Alex Kemp,NYC01,MetLife Stadium,True
2024_01_LV_LAC,2024,REG,1,2024-09-08,Sunday,16:05,LV,10.0,LAC,22.0,Home,12.0,32.0,0.0,2024090808,59518.0,,202409080sdg,,401671659,6459.0,7,7,130.0,-155.0,3.0,-118.0,-102.0,41.0,-108.0,-112.0,1,dome,matrixturf,,,00-0035289,00-0036355,Gardner Minshew,Justin Herbert,Antonio Pierce,Jim Harbaugh,Scott Novak,LAX01,SoFi Stadium,True
2024_01_DEN_SEA,2024,REG,1,2024-09-08,Sunday,16:05,DEN,20.0,SEA,26.0,Home,6.0,46.0,0.0,2024090809,59519.0,,202409080sea,,401671664,6460.0,7,7,225.0,-278.0,6.5,-110.0,-110.0,42.0,-108.0,-112.0,0,outdoors,fieldturf,65.0,7.0,00-0039732,00-0030565,Bo Nix,Geno Smith,Sean Payton,Mike Macdonald,Brad Allen,SEA00,Lumen Field,False
2024_01_DAL_CLE,2024,REG,1,2024-09-08,Sunday,16:25,DAL,33.0,CLE,17.0,Home,-16.0,50.0,0.0,2024090810,59520.0,,202409080cle,,401671761,6461.0,7,7,110.0,-130.0,2.5,-112.0,-108.0,42.0,-108.0,-112.0,0,outdoors,grass,69.0,17.0,00-0033077,00-0033537,Dak Prescott,Deshaun Watson,Mike McCarthy,Kevin Stefanski,Clete Blakeman,CLE00,FirstEnergy Stadium,False
2024_01_WAS_TB,2024,REG,1,2024-09-08,Sunday,16:25,WAS,20.0,TB,37.0,Home,17.0,57.0,0.0,2024090811,59521.0,,202409080tam,,401671770,6462.0,7,7,164.0,-198.0,4.0,-112.0,-108.0,42.0,-110.0,-110.0,0,outdoors,grass,93.0,6.0,00-0039910,00-0034855,Jayden Daniels,Baker Mayfield,Dan Quinn,Todd Bowles,Bill Vinovich,TAM00,Raymond James Stadium,True
2024_01_LA_DET,2024,REG,1,2024-09-08,Sunday,20:20,LA,20.0,DET,26.0,Home,6.0,46.0,1.0,2024090812,59522.0,,202409080det,,401671792,6463.0,7,7,185.0,-225.0,5.0,-108.0,-112.0,54.0,-112.0,-108.0,0,dome,fieldturf,,,00-0026498,00-0033106,Matthew Stafford,Jared Goff,Sean McVay,Dan Campbell,Adrian Hill,DET00,Ford Field,True
2024_01_NYJ_SF,2024,REG,1,2024-09-09,Monday,20:15,NYJ,19.0,SF,32.0,Home,13.0,51.0,0.0,2024090900,59523.0,,202409090sfo,,401671696,6464.0,7,7,150.0,-180.0,3.5,-115.0,-105.0,43.0,-108.0,-112.0,0,outdoors,grass,76.0,10.0,00-0023459,00-0037834,Aaron Rodgers,Brock Purdy,Robert Saleh,Kyle Shanahan,Carl Cheffers,SFO01,Levi's Stadium,False
2024_02_BUF_MIA,2024,REG,2,2024-09-12,Thursday,20:15,BUF,31.0,MIA,10.0,Home,-21.0,41.0,0.0,2024091200,59524.0,,202409120mia,,401671807,6465.0,4,4,114.0,-135.0,2.5,-110.0,-110.0,48.5,-105.0,-115.0,1,outdoors,grass,86.0,3.0,00-0034857,00-0036212,Josh Allen,Tua Tagovailoa,Sean McDermott,Mike McDaniel,Bill Vinovich,MIA00,Hard Rock Stadium,True
2024_02_LV_BAL,2024,REG,2,2024-09-15,Sunday,13:00,LV,26.0,BAL,23.0,Home,-3.0,49.0,0.0,2024091500,59525.0,,202409150rav,,401671624,6466.0,7,10,350.0,-455.0,9.0,-112.0,-108.0,41.0,-108.0,-112.0,0,outdoors,grass,76.0,10.0,00-0035289,00-0034796,Gardner Minshew,Lamar Jackson,Antonio Pierce,John Harbaugh,Tra Blake,BAL00,M&T Bank Stadium,True
2024_02_LAC_CAR,2024,REG,2,2024-09-15,Sunday,13:00,LAC,26.0,CAR,3.0,Home,-23.0,29.0,0.0,2024091501,59526.0,,202409150car,,401671652,6467.0,7,7,-225.0,185.0,-5.0,-110.0,-110.0,39.0,-112.0,-108.0,0,outdoors,grass,78.0,13.0,00-0036355,00-0039150,Justin Herbert,Bryce Young,Jim Harbaugh,Dave Canales,Brad Rogers,CAR00,Bank of America Stadium,False
2024_02_NO_DAL,2024,REG,2,2024-09-15,Sunday,13:00,NO,44.0,DAL,19.0,Home,-25.0,63.0,0.0,2024091502,59527.0,,202409150dal,,401671709,6468.0,7,7,235.0,-290.0,6.5,-112.0,-108.0,47.0,-108.0,-112.0,0,closed,matrixturf,,,00-0031280,00-0033077,Derek Carr,Dak Prescott,Dennis Allen,Mike McCarthy,Adrian Hill,DAL00,AT&T Stadium,True
2024_02_TB_DET,2024,REG,2,2024-09-15,Sunday,13:00,TB,20.0,DET,16.0,Home,-4.0,36.0,0.0,2024091503,59528.0,,202409150det,,401671721,6469.0,7,7,295.0,-375.0,7.5,-108.0,-112.0,51.5,-112.0,-108.0,0,dome,fieldturf,,,00-0034855,00-0033106,Baker Mayfield,Jared Goff,Todd Bowles,Dan Campbell,Clay Martin,DET00,Ford Field,True
2024_02_IND_GB,2024,REG,2,2024-09-15,Sunday,13:00,IND,10.0,GB,16.0,Home,6.0,26.0,0.0,2024091504,59529.0,,202409150gnb,,401671723,6470.0,7,9,-142.0,120.0,-3.0,-102.0,-118.0,41.5,-110.0,-110.0,0,outdoors,grass,85.0,7.0,00-0039164,00-0038128,Anthony Richardson,Malik Willis,Shane Steichen,Matt LaFleur,Shawn Hochuli,GNB00,Lambeau Field,False
2024_02_CLE_JAX,2024,REG,2,2024-09-15,Sunday,13:00,CLE,18.0,JAX,13.0,Home,-5.0,31.0,0.0,2024091505,59530.0,,202409150jax,,401671635,6471.0,7,7,142.0,-170.0,3.0,100.0,-120.0,41.5,-108.0,-112.0,0,outdoors,grass,80.0,12.0,00-0033537,00-0036971,Deshaun Watson,Trevor Lawrence,Kevin Stefanski,Doug Pederson,Adrian Hill,JAX00,TIAA Bank Stadium,True
2024_02_SF_MIN,2024,REG,2,2024-09-15,Sunday,13:00,SF,17.0,MIN,23.0,Home,6.0,40.0,0.0,2024091506,59531.0,,202409150min,,401671645,6472.0,6,7,-218.0,180.0,-4.5,-112.0,-108.0,46.5,-108.0,-112.0,0,dome,sportturf,,,00-0037834,00-0034869,Brock Purdy,Sam Darnold,Kyle Shanahan,Kevin O'Connell,Brad Allen,MIN01,U.S. Bank Stadium,True
2024_02_SEA_NE,2024,REG,2,2024-09-15,Sunday,13:00,SEA,23.0,NE,20.0,Home,-3.0,43.0,1.0,2024091507,59532.0,,202409150nwe,,401671702,6473.0,7,7,-170.0,142.0,-3.5,-102.0,-118.0,39.0,-110.0,-110.0,0,outdoors,fieldturf,77.0,5.0,00-0030565,00-0033119,Geno Smith,Jacoby Brissett,Mike Macdonald,Jerod Mayo,Carl Cheffers,BOS00,Gillette Stadium,False
2024_02_NYJ_TEN,2024,REG,2,2024-09-15,Sunday,13:00,NYJ,24.0,TEN,17.0,Home,-7.0,41.0,0.0,2024091508,59533.0,,202409150oti,,401671636,6474.0,6,7,-180.0,150.0,-3.5,-112.0,-108.0,41.5,-112.0,-108.0,0,outdoors,grass,80.0,13.0,00-0023459,00-0039152,Aaron Rodgers,Will Levis,Robert Saleh,Brian Callahan,Alan Eck,NAS00,Nissan Stadium,True
2024_02_NYG_WAS,2024,REG,2,2024-09-15,Sunday,13:00,NYG,18.0,WAS,21.0,Home,3.0,39.0,0.0,2024091509,59534.0,,202409150was,,401671716,6475.0,7,7,105.0,-125.0,1.5,-108.0,-112.0,42.5,-105.0,-115.0,1,outdoors,grass,82.0,11.0,00-0035710,00-0039910,Daniel Jones,Jayden Daniels,Brian Daboll,Dan Quinn,Scott Novak,WAS00,FedExField,True
2024_02_LA_ARI,2024,REG,2,2024-09-15,Sunday,16:05,LA,10.0,ARI,41.0,Home,31.0,51.0,0.0,2024091510,59535.0,,202409150crd,,401671754,6476.0,7,7,-112.0,-108.0,-1.0,-105.0,-115.0,47.5,-118.0,-102.0,1,closed,grass,,,00-0026498,00-0035228,Matthew Stafford,Kyler Murray,Sean McVay,Jonathan Gannon,John Hussey,PHO00,State Farm Stadium,True
2024_02_PIT_DEN,2024,REG,2,2024-09-15,Sunday,16:25,PIT,13.0,DEN,6.0,Home,-7.0,19.0,0.0,2024091511,59536.0,,202409150den,,401671668,6477.0,7,7,-155.0,130.0,-3.0,-102.0,-118.0,36.5,-112.0,-108.0,0,outdoors,grass,83.0,4.0,00-0036945,00-0039732,Justin Fields,Bo Nix,Mike Tomlin,Sean Payton,Clete Blakeman,DEN00,Empower Field at Mile High,True
2024_02_CIN_KC,2024,REG,2,2024-09-15,Sunday,16:25,CIN,25.0,KC,26.0,Home,1.0,51.0,0.0,2024091512,59537.0,,202409150kan,,401671670,6478.0,7,10,235.0,-290.0,6.5,-105.0,-115.0,47.5,-108.0,-112.0,0,outdoors,grass,89.0,8.0,00-0036442,00-0033873,Joe Burrow,Patrick Mahomes,Zac Taylor,Andy Reid,Alex Kemp,KAN00,GEHA Field at Arrowhead Stadium,True
2024_02_CHI_HOU,2024,REG,2,2024-09-15,Sunday,20:20,CHI,13.0,HOU,19.0,Home,6.0,32.0,0.0,2024091513,59538.0,,202409150htx,,401671786,6479.0,7,7,210.0,-258.0,6.0,-108.0,-112.0,45.5,-105.0,-115.0,0,closed,astroturf,,,00-0039918,00-0039163,Caleb Williams,C.J. Stroud,Matt Eberflus,DeMeco Ryans,Land Clark,HOU00,NRG Stadium,False
2024_02_ATL_PHI,2024,REG,2,2024-09-16,Monday,20:15,ATL,22.0,PHI,21.0,Home,-1.0,43.0,0.0,2024091600,59539.0,,202409160phi,,401671691,6480.0,8,10,215.0,-265.0,5.5,-105.0,-115.0,46.5,-110.0,-110.0,0,outdoors,grass,71.0,9.0,00-0029604,00-0036389,Kirk Cousins,Jalen Hurts,Raheem Morris,Nick Sirianni,Craig Wrolstad,PHI00,Lincoln Financial Field,True
2024_03_NE_NYJ,2024,REG,3,2024-09-19,Thursday,20:15,NE,3.0,NYJ,24.0,Home,21.0,27.0,0.0,2024091900,59540.0,,202409190nyj,,401671808,6481.0,4,4,230.0,-285.0,6.5,-110.0,-110.0,39.0,-108.0,-112.0,1,outdoors,fieldturf,75.0,5.0,00-0033119,00-0023459,Jacoby Brissett,Aaron Rodgers,Jerod Mayo,Robert Saleh,John Hussey,NYC01,MetLife Stadium,True
2024_03_NYG_CLE,2024,REG,3,2024-09-22,Sunday,13:00,NYG,21.0,CLE,15.0,Home,-6.0,36.0,0.0,2024092200,59541.0,,202409220cle,,401671855,6482.0,7,7,220.0,-270.0,6.5,-112.0,-108.0,38.0,-108.0,-112.0,0,outdoors,grass,76.0,4.0,00-0035710,00-0033537,Daniel Jones,Deshaun Watson,Brian Daboll,Kevin Stefanski,Craig Wrolstad,CLE00,FirstEnergy Stadium,False
2024_03_CHI_IND,2024,REG,3,2024-09-22,Sunday,13:00,CHI,16.0,IND,21.0,Home,5.0,37.0,0.0,2024092201,59542.0,,202409220clt,,401671865,6483.0,7,7,105.0,-125.0,1.5,-108.0,-112.0,43.0,-105.0,-115.0,0,closed,fieldturf,,,00-0039918,00-0039164,Caleb Williams,Anthony Richardson,Matt Eberflus,Shane Steichen,Adrian Hill,IND00,Lucas Oil Stadium,False
2024_03_HOU_MIN,2024,REG,3,2024-09-22,Sunday,13:00,HOU,7.0,MIN,34.0,Home,27.0,41.0,0.0,2024092202,59543.0,,202409220min,,401671646,6484.0,7,7,-135.0,114.0,-2.0,-112.0,-108.0,46.0,-108.0,-112.0,0,dome,sportturf,,,00-0039163,00-0034869,C.J. Stroud,Sam Darnold,DeMeco Ryans,Kevin O'Connell,Shawn Hochuli,MIN01,U.S. Bank Stadium,False
2024_03_PHI_NO,2024,REG,3,2024-09-22,Sunday,13:00,PHI,15.0,NO,12.0,Home,-3.0,27.0,0.0,2024092203,59544.0,,202409220nor,,401671736,6485.0,6,7,120.0,-142.0,2.5,-105.0,-115.0,49.0,-110.0,-110.0,0,dome,sportturf,,,00-0036389,00-0031280,Jalen Hurts,Derek Carr,Nick Sirianni,Dennis Allen,Scott Novak,NOR00,Mercedes-Benz Superdome,True
2024_03_LAC_PIT,2024,REG,3,2024-09-22,Sunday,13:00,LAC,10.0,PIT,20.0,Home,10.0,30.0,0.0,2024092204,59545.0,,202409220pit,,401671632,6486.0,7,7,124.0,-148.0,3.0,-118.0,-102.0,36.0,-115.0,-105.0,0,outdoors,grass,72.0,2.0,00-0036355,00-0036945,Justin Herbert,Justin Fields,Jim Harbaugh,Mike Tomlin,Alex Kemp,PIT00,Acrisure Stadium,True
2024_03_DEN_TB,2024,REG,3,2024-09-22,Sunday,13:00,DEN,26.0,TB,7.0,Home,-19.0,33.0,0.0,2024092205,59546.0,,202409220tam,,401671741,6487.0,7,7,200.0,-245.0,6.0,-112.0,-108.0,40.5,-108.0,-112.0,0,outdoors,grass,85.0,6.0,00-0039732,00-0034855,Bo Nix,Baker Mayfield,Sean Payton,Todd Bowles,Alan Eck,TAM00,Raymond James Stadium,False
2024_03_GB_TEN,2024,REG,3,2024-09-22,Sunday,13:00,GB,30.0,TEN,14.0,Home,-16.0,44.0,0.0,2024092206,59547.0,,202409220oti,,401671823,6488.0,7,7,136.0,-162.0,3.0,-112.0,-108.0,37.0,-108.0,-112.0,0,outdoors,grass,87.0,7.0,00-0038128,00-0039152,Malik Willis,Will Levis,Matt LaFleur,Brian Callahan,Clay Martin,NAS00,Nissan Stadium,False
2024_03_CAR_LV,2024,REG,3,2024-09-22,Sunday,16:05,CAR,36.0,LV,22.0,Home,-14.0,58.0,0.0,2024092207,59548.0,,202409220rai,,401671658,6489.0,7,7,200.0,-245.0,5.5,-110.0,-110.0,40.0,-108.0,-112.0,0,dome,grass,,,00-0027973,00-0035289,Andy Dalton,Gardner Minshew,Dave Canales,Antonio Pierce,Bill Vinovich,VEG00,Allegiant Stadium,False
2024_03_MIA_SEA,2024,REG,3,2024-09-22,Sunday,16:05,MIA,3.0,SEA,24.0,Home,21.0,27.0,0.0,2024092208,59549.0,,202409220sea,,401671662,6490.0,10,7,170.0,-205.0,4.0,-110.0,-110.0,41.5,-110.0,-110.0,0,outdoors,fieldturf,64.0,2.0,00-0037327,00-0030565,Skylar Thompson,Geno Smith,Mike McDaniel,Mike Macdonald,Land Clark,SEA00,Lumen Field,False
2024_03_DET_ARI,2024,REG,3,2024-09-22,Sunday,16:25,DET,20.0,ARI,13.0,Home,-7.0,33.0,0.0,2024092209,59550.0,,202409220crd,,401671771,6491.0,7,7,-148.0,124.0,-3.0,-102.0,-118.0,51.5,-112.0,-108.0,0,closed,grass,,,00-0033106,00-0035228,Jared Goff,Kyler Murray,Dan Campbell,Jonathan Gannon,Brad Rogers,PHO00,State Farm Stadium,True
2024_03_BAL_DAL,2024,REG,3,2024-09-22,Sunday,16:25,BAL,28.0,DAL,25.0,Home,-3.0,53.0,0.0,2024092210,59551.0,,202409220dal,,401671763,6492.0,7,7,-120.0,100.0,-1.5,-110.0,-110.0,47.5,-112.0,-108.0,0,closed,matrixturf,,,00-0034796,00-0033077,Lamar Jackson,Dak Prescott,John Harbaugh,Mike McCarthy,Ron Torbert,DAL00,AT&T Stadium,False
2024_03_SF_LA,2024,REG,3,2024-09-22,Sunday,16:25,SF,24.0,LA,27.0,Home,3.0,51.0,0.0,2024092211,59552.0,,202409220ram,,401671772,6493.0,7,7,-258.0,210.0,-6.0,-108.0,-112.0,44.5,-110.0,-110.0,1,dome,matrixturf,,,00-0037834,00-0026498,Brock Purdy,Matthew Stafford,Kyle Shanahan,Sean McVay,Clete Blakeman,LAX01,SoFi Stadium,True
2024_03_KC_ATL,2024,REG,3,2024-09-22,Sunday,20:20,KC,22.0,ATL,17.0,Home,-5.0,39.0,0.0,2024092212,59553.0,,202409220atl,,401671793,6494.0,7,6,-170.0,142.0,-3.0,-118.0,-102.0,46.0,-108.0,-112.0,0,closed,fieldturf,,,00-0033873,00-0029604,Patrick Mahomes,Kirk Cousins,Andy Reid,Raheem Morris,Tra Blake,ATL97,Mercedes-Benz Stadium,False
2024_03_JAX_BUF,2024,REG,3,2024-09-23,Monday,19:30,JAX,10.0,BUF,47.0,Home,37.0,57.0,0.0,2024092300,59554.0,,202409230buf,,401671682,6495.0,8,11,180.0,-218.0,4.0,-108.0,-112.0,46.5,-110.0,-110.0,0,outdoors,a_turf,68.0,5.0,00-0036971,00-0034857,Trevor Lawrence,Josh Allen,Doug Pederson,Sean McDermott,Shawn Smith,BUF00,New Era Field,True
2024_03_WAS_CIN,2024,REG,3,2024-09-23,Monday,20:15,WAS,38.0,CIN,33.0,Home,-5.0,71.0,0.0,2024092301,59555.0,,202409230cin,,401671490,6496.0,8,8,280.0,-355.0,7.5,-115.0,-105.0,46.0,-112.0,-108.0,0,outdoors,fieldturf,69.0,5.0,00-0039910,00-0036442,Jayden Daniels,Joe Burrow,Dan Quinn,Zac Taylor,Brad Allen,CIN00,Paycor Stadium,False
2024_04_DAL_NYG,2024,REG,4,2024-09-26,Thursday,20:15,DAL,20.0,NYG,15.0,Home,-5.0,35.0,0.0,2024092600,59556.0,,202409260nyg,,401671812,6497.0,4,4,-250.0,205.0,-5.5,-115.0,-105.0,45.0,-112.0,-108.0,1,outdoors,fieldturf,74.0,3.0,00-0033077,00-0035710,Dak Prescott,Daniel Jones,Mike McCarthy,Brian Daboll,Clay Martin,NYC01,MetLife Stadium,True
2024_04_NO_ATL,2024,REG,4,2024-09-29,Sunday,13:00,NO,24.0,ATL,26.0,Home,2.0,50.0,0.0,2024092900,59557.0,,202409290atl,,401671727,6498.0,7,7,120.0,-142.0,2.5,-105.0,-115.0,41.5,-112.0,-108.0,1,closed,fieldturf,,,00-0031280,00-0029604,Derek Carr,Kirk Cousins,Dennis Allen,Raheem Morris,John Hussey,ATL97,Mercedes-Benz Stadium,True
2024_04_CIN_CAR,2024,REG,4,2024-09-29,Sunday,13:00,CIN,34.0,CAR,24.0,Home,-10.0,58.0,0.0,2024092901,59558.0,,202409290car,,401671745,6499.0,6,7,-205.0,170.0,-4.5,-112.0,-108.0,47.0,-108.0,-112.0,0,outdoors,grass,78.0,6.0,00-0036442,00-0027973,Joe Burrow,Andy Dalton,Zac Taylor,Dave Canales,Adrian Hill,CAR00,Bank of America Stadium,False
2024_04_LA_CHI,2024,REG,4,2024-09-29,Sunday,13:00,LA,18.0,CHI,24.0,Home,6.0,42.0,0.0,2024092902,59559.0,,202409290chi,,401671871,6500.0,7,7,136.0,-162.0,3.0,-112.0,-108.0,40.0,-105.0,-115.0,0,outdoors,grass,70.0,16.0,00-0026498,00-0039918,Matthew Stafford,Caleb Williams,Sean McVay,Matt Eberflus,Brad Rogers,CHI98,Soldier Field,True
2024_04_MIN_GB,2024,REG,4,2024-09-29,Sunday,13:00,MIN,31.0,GB,29.0,Home,-2.0,60.0,0.0,2024092903,59560.0,,202409290gnb,,401671643,6501.0,7,7,114.0,-135.0,2.5,-102.0,-118.0,44.0,-112.0,-108.0,1,outdoors,grass,71.0,15.0,00-0034869,00-0036264,Sam Darnold,Jordan Love,Kevin O'Connell,Matt LaFleur,Bill Vinovich,GNB00,Lambeau Field,True
2024_04_JAX_HOU,2024,REG,4,2024-09-29,Sunday,13:00,JAX,20.0,HOU,24.0,Home,4.0,44.0,0.0,2024092904,59561.0,,202409290htx,,401671857,6502.0,6,7,195.0,-238.0,5.5,-108.0,-112.0,44.5,-108.0,-112.0,1,closed,astroturf,,,00-0036971,00-0039163,Trevor Lawrence,C.J. Stroud,Doug Pederson,DeMeco Ryans,Tra Blake,HOU00,NRG Stadium,True
2024_04_PIT_IND,2024,REG,4,2024-09-29,Sunday,13:00,PIT,24.0,IND,27.0,Home,3.0,51.0,0.0,2024092905,59562.0,,202409290clt,,401671867,6503.0,7,7,-130.0,110.0,-2.5,-108.0,-112.0,40.0,-110.0,-110.0,0,closed,fieldturf,,,00-0036945,00-0039164,Justin Fields,Anthony Richardson,Mike Tomlin,Shane Steichen,Land Clark,IND00,Lucas Oil Stadium,True
2024_04_DEN_NYJ,2024,REG,4,2024-09-29,Sunday,13:00,DEN,10.0,NYJ,9.0,Home,-1.0,19.0,0.0,2024092906,59563.0,,202409290nyj,,401671622,6504.0,7,10,330.0,-425.0,7.5,-108.0,-112.0,39.5,-112.0,-108.0,0,outdoors,fieldturf,67.0,8.0,00-0039732,00-0023459,Bo Nix,Aaron Rodgers,Sean Payton,Robert Saleh,Ron Torbert,NYC01,MetLife Stadium,True
2024_04_PHI_TB,2024,REG,4,2024-09-29,Sunday,13:00,PHI,16.0,TB,33.0,Home,17.0,49.0,0.0,2024092907,59564.0,,202409290tam,,401671740,6505.0,7,7,-115.0,-105.0,-1.0,-110.0,-110.0,42.0,-108.0,-112.0,0,outdoors,grass,88.0,9.0,00-0036389,00-0034855,Jalen Hurts,Baker Mayfield,Nick Sirianni,Todd Bowles,Carl Cheffers,TAM00,Raymond James Stadium,True
2024_04_WAS_ARI,2024,REG,4,2024-09-29,Sunday,16:05,WAS,42.0,ARI,14.0,Home,-28.0,56.0,0.0,2024092908,59565.0,,202409290crd,,401671755,6506.0,6,7,150.0,-180.0,3.5,-115.0,-105.0,49.0,-112.0,-108.0,0,closed,grass,,,00-0039910,00-0035228,Jayden Daniels,Kyler Murray,Dan Quinn,Jonathan Gannon,Craig Wrolstad,PHO00,State Farm Stadium,True
2024_04_NE_SF,2024,REG,4,2024-09-29,Sunday,16:05,NE,13.0,SF,30.0,Home,17.0,43.0,0.0,2024092909,59566.0,,202409290sfo,,401671758,6507.0,10,7,410.0,-550.0,10.5,-112.0,-108.0,41.5,-110.0,-110.0,0,outdoors,grass,71.0,5.0,00-0033119,00-0037834,Jacoby Brissett,Brock Purdy,Jerod Mayo,Kyle Shanahan,Scott Novak,SFO01,Levi's Stadium,False
2024_04_KC_LAC,2024,REG,4,2024-09-29,Sunday,16:25,KC,17.0,LAC,10.0,Home,-7.0,27.0,0.0,2024092910,59567.0,,202409290sdg,,401671674,6508.0,7,7,-345.0,275.0,-7.5,-108.0,-112.0,41.5,-108.0,-112.0,1,dome,matrixturf,,,00-0033873,00-0036355,Patrick Mahomes,Justin Herbert,Andy Reid,Jim Harbaugh,Shawn Smith,LAX01,SoFi Stadium,True
2024_04_CLE_LV,2024,REG,4,2024-09-29,Sunday,16:25,CLE,16.0,LV,20.0,Home,4.0,36.0,0.0,2024092911,59568.0,,202409290rai,,401671672,6509.0,7,7,-135.0,114.0,-2.5,-115.0,-105.0,36.5,-108.0,-112.0,0,dome,grass,,,00-0033537,00-0035289,Deshaun Watson,Gardner Minshew,Kevin Stefanski,Antonio Pierce,Brad Allen,VEG00,Allegiant Stadium,True
2024_04_BUF_BAL,2024,REG,4,2024-09-29,Sunday,20:20,BUF,10.0,BAL,35.0,Home,25.0,45.0,0.0,2024092912,59569.0,,202409290rav,,401671783,6510.0,6,7,114.0,-135.0,2.5,-108.0,-112.0,46.5,-110.0,-110.0,0,outdoors,grass,68.0,8.0,00-0034857,00-0034796,Josh Allen,Lamar Jackson,Sean McDermott,John Harbaugh,Alan Eck,BAL00,M&T Bank Stadium,True
2024_04_TEN_MIA,2024,REG,4,2024-09-30,Monday,19:30,TEN,31.0,MIA,12.0,Home,-19.0,43.0,0.0,2024093000,59570.0,,202409300mia,,401671683,6511.0,8,8,114.0,-135.0,2.5,-108.0,-112.0,37.0,-110.0,-110.0,0,outdoors,grass,86.0,9.0,00-0039152,00-0035993,Will Levis,Tyler Huntley,Brian Callahan,Mike McDaniel,Clete Blakeman,MIA00,Hard Rock Stadium,True
2024_04_SEA_DET,2024,REG,4,2024-09-30,Monday,20:15,SEA,29.0,DET,42.0,Home,13.0,71.0,0.0,2024093001,59571.0,,202409300det,,401671491,6512.0,8,8,154.0,-185.0,3.5,-108.0,-112.0,46.5,-108.0,-112.0,0,dome,fieldturf,,,00-0030565,00-0033106,Geno Smith,Jared Goff,Mike Macdonald,Dan Campbell,Alex Kemp,DET00,Ford Field,True
2024_05_TB_ATL,2024,REG,5,2024-10-03,Thursday,20:15,TB,30.0,ATL,36.0,Home,6.0,66.0,1.0,2024100300,59572.0,,202410030atl,,401671815,6513.0,4,4,120.0,-142.0,2.5,-102.0,-118.0,44.0,-110.0,-110.0,1,closed,fieldturf,,,00-0034855,00-0029604,Baker Mayfield,Kirk Cousins,Todd Bowles,Raheem Morris,Ron Torbert,ATL97,Mercedes-Benz Stadium,True
2024_05_NYJ_MIN,2024,REG,5,2024-10-06,Sunday,09:30,NYJ,17.0,MIN,23.0,Neutral,6.0,40.0,0.0,2024100600,59573.0,,202410060min,,401671804,6514.0,7,7,120.0,-142.0,2.5,-105.0,-115.0,42.0,-112.0,-108.0,0,outdoors,grass,59.0,8.0,00-0023459,00-0034869,Aaron Rodgers,Sam Darnold,Robert Saleh,Kevin O'Connell,Scott Novak,LON02,Tottenham Stadium,False
2024_05_CAR_CHI,2024,REG,5,2024-10-06,Sunday,13:00,CAR,10.0,CHI,36.0,Home,26.0,46.0,0.0,2024100601,59574.0,,202410060chi,,401671872,6515.0,7,7,164.0,-198.0,4.0,-108.0,-112.0,40.0,-108.0,-112.0,0,outdoors,grass,74.0,7.0,00-0027973,00-0039918,Andy Dalton,Caleb Williams,Dave Canales,Matt Eberflus,Tra Blake,CHI98,Soldier Field,True
2024_05_BAL_CIN,2024,REG,5,2024-10-06,Sunday,13:00,BAL,41.0,CIN,38.0,Home,-3.0,79.0,1.0,2024100602,59575.0,,202410060cin,,401671626,6516.0,7,7,-148.0,124.0,-2.5,-118.0,-102.0,48.5,-112.0,-108.0,1,outdoors,fieldturf,81.0,10.0,00-0034796,00-0036442,Lamar Jackson,Joe Burrow,John Harbaugh,Zac Taylor,Bill Vinovich,CIN00,Paycor Stadium,True
2024_05_BUF_HOU,2024,REG,5,2024-10-06,Sunday,13:00,BUF,20.0,HOU,23.0,Home,3.0,43.0,0.0,2024100603,59576.0,,202410060htx,,401671859,6517.0,7,7,-102.0,-118.0,1.0,-108.0,-112.0,48.0,-110.0,-110.0,0,closed,astroturf,,,00-0034857,00-0039163,Josh Allen,C.J. Stroud,Sean McDermott,DeMeco Ryans,Clay Martin,HOU00,NRG Stadium,True
2024_05_IND_JAX,2024,REG,5,2024-10-06,Sunday,13:00,IND,34.0,JAX,37.0,Home,3.0,71.0,0.0,2024100604,59577.0,,202410060jax,,401671633,6518.0,7,7,154.0,-185.0,3.5,-110.0,-110.0,45.0,-110.0,-110.0,1,outdoors,grass,74.0,4.0,00-0026158,00-0036971,Joe Flacco,Trevor Lawrence,Shane Steichen,Doug Pederson,Carl Cheffers,JAX00,TIAA Bank Stadium,True
2024_05_MIA_NE,2024,REG,5,2024-10-06,Sunday,13:00,MIA,15.0,NE,10.0,Home,-5.0,25.0,0.0,2024100605,59578.0,,202410060nwe,,401671700,6519.0,6,7,-130.0,110.0,-2.0,-112.0,-108.0,37.0,-108.0,-112.0,1,outdoors,fieldturf,65.0,2.0,00-0035993,00-0033119,Tyler Huntley,Jacoby Brissett,Mike McDaniel,Jerod Mayo,Adrian Hill,BOS00,Gillette Stadium,True
2024_05_CLE_WAS,2024,REG,5,2024-10-06,Sunday,13:00,CLE,13.0,WAS,34.0,Home,21.0,47.0,0.0,2024100606,59579.0,,202410060was,,401671718,6520.0,7,7,130.0,-155.0,3.0,-112.0,-108.0,44.0,-112.0,-108.0,0,outdoors,grass,73.0,5.0,00-0033537,00-0039910,Deshaun Watson,Jayden Daniels,Kevin Stefanski,Dan Quinn,Alan Eck,WAS00,FedExField,False
2024_05_LV_DEN,2024,REG,5,2024-10-06,Sunday,16:05,LV,18.0,DEN,34.0,Home,16.0,52.0,0.0,2024100607,59580.0,,202410060den,,401671747,6521.0,7,7,130.0,-155.0,3.0,-112.0,-108.0,36.0,-108.0,-112.0,1,outdoors,grass,73.0,7.0,00-0035289,00-0039732,Gardner Minshew,Bo Nix,Antonio Pierce,Sean Payton,Craig Wrolstad,DEN00,Empower Field at Mile High,True
2024_05_ARI_SF,2024,REG,5,2024-10-06,Sunday,16:05,ARI,24.0,SF,23.0,Home,-1.0,47.0,0.0,2024100608,59581.0,,202410060sfo,,401671756,6522.0,7,7,260.0,-325.0,7.0,-105.0,-115.0,48.5,-108.0,-112.0,1,outdoors,grass,89.0,3.0,00-0035228,00-0037834,Kyler Murray,Brock Purdy,Jonathan Gannon,Kyle Shanahan,Land Clark,SFO01,Levi's Stadium,True
2024_05_GB_LA,2024,REG,5,2024-10-06,Sunday,16:25,GB,24.0,LA,19.0,Home,-5.0,43.0,0.0,2024100609,59582.0,,202410060ram,,401671679,6523.0,7,7,-155.0,130.0,-3.0,-112.0,-108.0,49.5,-112.0,-108.0,0,dome,matrixturf,,,00-0036264,00-0026498,Jordan Love,Matthew Stafford,Matt LaFleur,Sean McVay,Brad Allen,LAX01,SoFi Stadium,True
2024_05_NYG_SEA,2024,REG,5,2024-10-06,Sunday,16:25,NYG,29.0,SEA,20.0,Home,-9.0,49.0,0.0,2024100610,59583.0,,202410060sea,,401671680,6524.0,10,6,250.0,-310.0,7.0,-112.0,-108.0,42.5,-110.0,-110.0,0,outdoors,fieldturf,61.0,3.0,00-0035710,00-0030565,Daniel Jones,Geno Smith,Brian Daboll,Mike Macdonald,Shawn Smith,SEA00,Lumen Field,True
2024_05_DAL_PIT,2024,REG,5,2024-10-06,Sunday,20:20,DAL,20.0,PIT,17.0,Home,-3.0,37.0,0.0,2024100611,59584.0,,202410060pit,,401671784,6525.0,10,7,114.0,-135.0,2.5,-108.0,-112.0,43.5,-108.0,-112.0,0,outdoors,grass,67.0,6.0,00-0033077,00-0036945,Dak Prescott,Justin Fields,Mike McCarthy,Mike Tomlin,Shawn Hochuli,PIT00,Acrisure Stadium,False
2024_05_NO_KC,2024,REG,5,2024-10-07,Monday,20:15,NO,13.0,KC,26.0,Home,13.0,39.0,0.0,2024100700,59585.0,,202410070kan,,401671687,6526.0,8,8,190.0,-230.0,5.5,-112.0,-108.0,43.0,-110.0,-110.0,0,outdoors,grass,70.0,1.0,00-0031280,00-0033873,Derek Carr,Patrick Mahomes,Dennis Allen,Andy Reid,Brad Rogers,KAN00,GEHA Field at Arrowhead Stadium,False
2024_06_SF_SEA,2024,REG,6,2024-10-10,Thursday,20:15,SF,36.0,SEA,24.0,Home,-12.0,60.0,0.0,2024101000,59586.0,,202410100sea,,401671819,6527.0,4,4,-198.0,164.0,-3.5,-118.0,-102.0,49.0,-110.0,-110.0,1,outdoors,fieldturf,59.0,10.0,00-0037834,00-0030565,Brock Purdy,Geno Smith,Kyle Shanahan,Mike Macdonald,Craig Wrolstad,SEA00,Lumen Field,True
2024_06_JAX_CHI,2024,REG,6,2024-10-13,Sunday,09:30,JAX,16.0,CHI,35.0,Neutral,19.0,51.0,0.0,2024101300,59587.0,,202410130chi,,401671802,6528.0,7,7,-120.0,100.0,-1.5,-108.0,-112.0,44.5,-108.0,-112.0,0,outdoors,grass,54.0,3.0,00-0036971,00-0039918,Trevor Lawrence,Caleb Williams,Doug Pederson,Matt Eberflus,Brad Allen,LON02,Tottenham Stadium,False
2024_06_WAS_BAL,2024,REG,6,2024-10-13,Sunday,13:00,WAS,23.0,BAL,30.0,Home,7.0,53.0,0.0,2024101301,59588.0,,202410130rav,,401671625,6529.0,7,7,230.0,-285.0,6.5,-108.0,-112.0,51.5,-110.0,-110.0,0,outdoors,grass,75.0,8.0,00-0039910,00-0034796,Jayden Daniels,Lamar Jackson,Dan Quinn,John Harbaugh,Land Clark,BAL00,M&T Bank Stadium,False
2024_06_ARI_GB,2024,REG,6,2024-10-13,Sunday,13:00,ARI,13.0,GB,34.0,Home,21.0,47.0,0.0,2024101302,59589.0,,202410130gnb,,401671722,6530.0,7,7,195.0,-238.0,5.5,-110.0,-110.0,47.0,-110.0,-110.0,0,outdoors,grass,50.0,4.0,00-0035228,00-0036264,Kyler Murray,Jordan Love,Jonathan Gannon,Matt LaFleur,Alex Kemp,GNB00,Lambeau Field,True
2024_06_HOU_NE,2024,REG,6,2024-10-13,Sunday,13:00,HOU,41.0,NE,21.0,Home,-20.0,62.0,0.0,2024101303,59590.0,,202410130nwe,,401671619,6531.0,7,7,-265.0,215.0,-6.5,-108.0,-112.0,38.5,-112.0,-108.0,0,outdoors,fieldturf,53.0,5.0,00-0039163,00-0039851,C.J. Stroud,Drake Maye,DeMeco Ryans,Jerod Mayo,Ron Torbert,BOS00,Gillette Stadium,True
2024_06_TB_NO,2024,REG,6,2024-10-13,Sunday,13:00,TB,51.0,NO,27.0,Home,-24.0,78.0,0.0,2024101304,59591.0,,202410130nor,,401671735,6532.0,10,6,-175.0,145.0,-3.5,-108.0,-112.0,42.5,-110.0,-110.0,1,dome,sportturf,,,00-0034855,00-0039376,Baker Mayfield,Spencer Rattler,Todd Bowles,Dennis Allen,Clete Blakeman,NOR00,Mercedes-Benz Superdome,True
2024_06_CLE_PHI,2024,REG,6,2024-10-13,Sunday,13:00,CLE,16.0,PHI,20.0,Home,4.0,36.0,0.0,2024101305,59592.0,,202410130phi,,401671714,6533.0,7,14,330.0,-425.0,8.0,-108.0,-112.0,42.0,-110.0,-110.0,0,outdoors,grass,82.0,10.0,00-0033537,00-0036389,Deshaun Watson,Jalen Hurts,Kevin Stefanski,Nick Sirianni,Shawn Hochuli,PHI00,Lincoln Financial Field,False
2024_06_IND_TEN,2024,REG,6,2024-10-13,Sunday,13:00,IND,20.0,TEN,17.0,Home,-3.0,37.0,0.0,2024101306,59593.0,,202410130oti,,401671820,6534.0,7,13,114.0,-135.0,2.5,-110.0,-110.0,42.0,-112.0,-108.0,1,outdoors,grass,80.0,12.0,00-0026158,00-0039152,Joe Flacco,Will Levis,Shane Steichen,Brian Callahan,Brad Rogers,NAS00,Nissan Stadium,True
2024_06_LAC_DEN,2024,REG,6,2024-10-13,Sunday,16:05,LAC,23.0,DEN,16.0,Home,-7.0,39.0,0.0,2024101307,59594.0,,202410130den,,401671655,6535.0,14,7,-155.0,130.0,-3.0,-105.0,-115.0,37.0,-108.0,-112.0,1,outdoors,grass,65.0,7.0,00-0036355,00-0039732,Justin Herbert,Bo Nix,Jim Harbaugh,Sean Payton,Tra Blake,DEN00,Empower Field at Mile High,True
2024_06_PIT_LV,2024,REG,6,2024-10-13,Sunday,16:05,PIT,32.0,LV,13.0,Home,-19.0,45.0,0.0,2024101308,59595.0,,202410130rai,,401671657,6536.0,7,7,-180.0,150.0,-3.5,-110.0,-110.0,36.5,-108.0,-112.0,0,dome,grass,,,00-0036945,00-0038579,Justin Fields,Aidan O'Connell,Mike Tomlin,Antonio Pierce,Alan Eck,VEG00,Allegiant Stadium,True
2024_06_ATL_CAR,2024,REG,6,2024-10-13,Sunday,16:25,ATL,38.0,CAR,20.0,Home,-18.0,58.0,0.0,2024101309,59596.0,,202410130car,,401671769,6537.0,10,7,-258.0,210.0,-6.0,-112.0,-108.0,45.5,-110.0,-110.0,1,outdoors,grass,79.0,9.0,00-0029604,00-0027973,Kirk Cousins,Andy Dalton,Raheem Morris,Dave Canales,Clay Martin,CAR00,Bank of America Stadium,True
2024_06_DET_DAL,2024,REG,6,2024-10-13,Sunday,16:25,DET,47.0,DAL,9.0,Home,-38.0,56.0,0.0,2024101310,59597.0,,202410130dal,,401671764,6538.0,13,7,-180.0,150.0,-3.5,-105.0,-115.0,52.5,-110.0,-110.0,0,closed,matrixturf,,,00-0033106,00-0033077,Jared Goff,Dak Prescott,Dan Campbell,Mike McCarthy,John Hussey,DAL00,AT&T Stadium,True
2024_06_CIN_NYG,2024,REG,6,2024-10-13,Sunday,20:20,CIN,17.0,NYG,7.0,Home,-10.0,24.0,0.0,2024101311,59598.0,,202410130nyg,,401671791,6539.0,7,7,-230.0,190.0,-4.5,-112.0,-108.0,46.0,-102.0,-118.0,0,outdoors,fieldturf,63.0,2.0,00-0036442,00-0035710,Joe Burrow,Daniel Jones,Zac Taylor,Brian Daboll,Carl Cheffers,NYC01,MetLife Stadium,False
2024_06_BUF_NYJ,2024,REG,6,2024-10-14,Monday,20:15,BUF,23.0,NYJ,20.0,Home,-3.0,43.0,0.0,2024101400,59599.0,,202410140nyj,,401671684,6540.0,8,8,-122.0,102.0,-1.0,-112.0,-108.0,42.0,-110.0,-110.0,1,outdoors,fieldturf,49.0,14.0,00-0034857,00-0023459,Josh Allen,Aaron Rodgers,Sean McDermott,Robert Saleh,Adrian Hill,NYC01,MetLife Stadium,True
2024_07_DEN_NO,2024,REG,7,2024-10-17,Thursday,20:15,DEN,33.0,NO,10.0,Home,-23.0,43.0,0.0,2024101700,59600.0,,202410170nor,,401671816,6541.0,4,4,-148.0,124.0,-2.5,-118.0,-102.0,37.0,-110.0,-110.0,0,dome,sportturf,,,00-0039732,00-0039376,Bo Nix,Spencer Rattler,Sean Payton,Dennis Allen,Land Clark,NOR00,Mercedes-Benz Superdome,False
2024_07_NE_JAX,2024,REG,7,2024-10-20,Sunday,09:30,NE,16.0,JAX,32.0,Neutral,16.0,48.0,0.0,2024102000,59601.0,,202410200jax,,401671801,6542.0,7,7,240.0,-298.0,6.5,-105.0,-115.0,42.0,-108.0,-112.0,0,outdoors,grass,63.0,12.0,00-0039851,00-0036971,Drake Maye,Trevor Lawrence,Jerod Mayo,Doug Pederson,Brad Rogers,LON00,Wembley Stadium,True
2024_07_SEA_ATL,2024,REG,7,2024-10-20,Sunday,13:00,SEA,34.0,ATL,14.0,Home,-20.0,48.0,0.0,2024102001,59602.0,,202410200atl,,401671730,6543.0,10,7,136.0,-162.0,3.0,-115.0,-105.0,51.5,-110.0,-110.0,0,closed,fieldturf,,,00-0030565,00-0029604,Geno Smith,Kirk Cousins,Mike Macdonald,Raheem Morris,Bill Vinovich,ATL97,Mercedes-Benz Stadium,True
2024_07_TEN_BUF,2024,REG,7,2024-10-20,Sunday,13:00,TEN,10.0,BUF,34.0,Home,24.0,44.0,0.0,2024102002,59603.0,,202410200buf,,401671616,6544.0,7,6,400.0,-535.0,9.5,-110.0,-110.0,41.0,-108.0,-112.0,0,outdoors,a_turf,66.0,12.0,00-0034771,00-0034857,Mason Rudolph,Josh Allen,Brian Callahan,Sean McDermott,John Hussey,BUF00,New Era Field,True
2024_07_CIN_CLE,2024,REG,7,2024-10-20,Sunday,13:00,CIN,21.0,CLE,14.0,Home,-7.0,35.0,0.0,2024102003,59604.0,,202410200cle,,401671853,6545.0,7,7,-230.0,190.0,-5.5,-110.0,-110.0,42.0,-112.0,-108.0,1,outdoors,grass,62.0,8.0,00-0036442,00-0033537,Joe Burrow,Deshaun Watson,Zac Taylor,Kevin Stefanski,Ron Torbert,CLE00,FirstEnergy Stadium,True
2024_07_HOU_GB,2024,REG,7,2024-10-20,Sunday,13:00,HOU,22.0,GB,24.0,Home,2.0,46.0,0.0,2024102004,59605.0,,202410200gnb,,401671644,6546.0,7,7,142.0,-170.0,3.0,100.0,-120.0,48.0,-108.0,-112.0,0,outdoors,grass,72.0,3.0,00-0039163,00-0036264,C.J. Stroud,Jordan Love,DeMeco Ryans,Matt LaFleur,Scott Novak,GNB00,Lambeau Field,False
2024_07_MIA_IND,2024,REG,7,2024-10-20,Sunday,13:00,MIA,10.0,IND,16.0,Home,6.0,26.0,0.0,2024102005,59606.0,,202410200clt,,401671864,6547.0,14,7,130.0,-155.0,3.0,-120.0,100.0,44.0,-108.0,-112.0,0,closed,fieldturf,,,00-0034177,00-0039164,Tim Boyle,Anthony Richardson,Mike McDaniel,Shane Steichen,Craig Wrolstad,IND00,Lucas Oil Stadium,True
2024_07_DET_MIN,2024,REG,7,2024-10-20,Sunday,13:00,DET,31.0,MIN,29.0,Home,-2.0,60.0,0.0,2024102006,59607.0,,202410200min,,401671724,6548.0,7,14,-102.0,-118.0,1.0,-108.0,-112.0,50.5,-112.0,-108.0,1,dome,sportturf,,,00-0033106,00-0034869,Jared Goff,Sam Darnold,Dan Campbell,Kevin O'Connell,Clay Martin,MIN01,U.S. Bank Stadium,True
2024_07_PHI_NYG,2024,REG,7,2024-10-20,Sunday,13:00,PHI,28.0,NYG,3.0,Home,-25.0,31.0,0.0,2024102007,59608.0,,202410200nyg,,401671710,6549.0,7,7,-166.0,140.0,-3.0,-120.0,100.0,42.0,-110.0,-110.0,1,outdoors,fieldturf,71.0,4.0,00-0036389,00-0035710,Jalen Hurts,Daniel Jones,Nick Sirianni,Brian Daboll,Tra Blake,NYC01,MetLife Stadium,True
2024_07_LV_LA,2024,REG,7,2024-10-20,Sunday,16:05,LV,15.0,LA,20.0,Home,5.0,35.0,0.0,2024102008,59609.0,,202410200ram,,401671663,6550.0,7,14,280.0,-355.0,7.0,-105.0,-115.0,43.0,-105.0,-115.0,0,dome,matrixturf,,,00-0038579,00-0026498,Aidan O'Connell,Matthew Stafford,Antonio Pierce,Sean McVay,Shawn Hochuli,LAX01,SoFi Stadium,False
2024_07_CAR_WAS,2024,REG,7,2024-10-20,Sunday,16:05,CAR,7.0,WAS,40.0,Home,33.0,47.0,0.0,2024102009,59610.0,,202410200was,,401671640,6551.0,7,7,400.0,-535.0,10.0,100.0,-120.0,51.0,-110.0,-110.0,0,outdoors,grass,76.0,2.0,00-0027973,00-0039910,Andy Dalton,Jayden Daniels,Dave Canales,Dan Quinn,Carl Cheffers,WAS00,FedExField,True
2024_07_KC_SF,2024,REG,7,2024-10-20,Sunday,16:25,KC,28.0,SF,18.0,Home,-10.0,46.0,0.0,2024102010,59611.0,,202410200sfo,,401671777,6552.0,13,10,120.0,-142.0,2.5,-105.0,-115.0,47.5,-110.0,-110.0,0,outdoors,grass,78.0,3.0,00-0033873,00-0037834,Patrick Mahomes,Brock Purdy,Andy Reid,Kyle Shanahan,Alan Eck,SFO01,Levi's Stadium,False
2024_07_NYJ_PIT,2024,REG,7,2024-10-20,Sunday,20:20,NYJ,15.0,PIT,37.0,Home,22.0,52.0,0.0,2024102011,59612.0,,202410200pit,,401671785,6553.0,6,7,-166.0,140.0,-3.0,-108.0,-112.0,40.0,-110.0,-110.0,0,outdoors,grass,60.0,4.0,00-0023459,00-0029263,Aaron Rodgers,Russell Wilson,Robert Saleh,Mike Tomlin,Shawn Smith,PIT00,Acrisure Stadium,True
2024_07_BAL_TB,2024,REG,7,2024-10-21,Monday,20:15,BAL,41.0,TB,31.0,Home,-10.0,72.0,0.0,2024102100,59613.0,,202410210tam,,401671695,6554.0,8,8,-225.0,185.0,-4.5,-110.0,-110.0,51.0,-110.0,-110.0,0,outdoors,grass,80.0,8.0,00-0034796,00-0034855,Lamar Jackson,Baker Mayfield,John Harbaugh,Todd Bowles,Alex Kemp,TAM00,Raymond James Stadium,False
2024_07_LAC_ARI,2024,REG,7,2024-10-21,Monday,21:00,LAC,15.0,ARI,17.0,Home,2.0,32.0,0.0,2024102101,59614.0,,202410210crd,,401671699,6555.0,8,8,-122.0,102.0,-1.0,-115.0,-105.0,44.0,-108.0,-112.0,0,closed,grass,,,00-0036355,00-0035228,Justin Herbert,Kyler Murray,Jim Harbaugh,Jonathan Gannon,Clete Blakeman,PHO00,State Farm Stadium,False
2024_08_MIN_LA,2024,REG,8,2024-10-24,Thursday,20:15,MIN,20.0,LA,30.0,Home,10.0,50.0,0.0,2024102400,59615.0,,202410240ram,,401671817,6556.0,4,4,-155.0,130.0,-3.0,-105.0,-115.0,47.5,-110.0,-110.0,0,dome,matrixturf,,,00-0034869,00-0026498,Sam Darnold,Matthew Stafford,Kevin O'Connell,Sean McVay,Tra Blake,LAX01,SoFi Stadium,True
2024_08_PHI_CIN,2024,REG,8,2024-10-27,Sunday,13:00,PHI,37.0,CIN,17.0,Home,-20.0,54.0,0.0,2024102710,59626.0,,202410270cin,,401671667,6567.0,7,7,124.0,-148.0,2.5,100.0,-120.0,47.5,-108.0,-112.0,0,outdoors,fieldturf,59.0,6.0,00-0036389,00-0036442,Jalen Hurts,Joe Burrow,Nick Sirianni,Zac Taylor,John Hussey,CIN00,Paycor Stadium,False
2024_08_BAL_CLE,2024,REG,8,2024-10-27,Sunday,13:00,BAL,24.0,CLE,29.0,Home,5.0,53.0,0.0,2024102700,59616.0,,202410270cle,,401671852,6557.0,6,7,-380.0,300.0,-7.5,-110.0,-110.0,44.5,-105.0,-115.0,1,outdoors,grass,52.0,4.0,00-0034796,00-0031503,Lamar Jackson,Jameis Winston,John Harbaugh,Kevin Stefanski,Shawn Smith,CLE00,FirstEnergy Stadium,True
2024_08_TEN_DET,2024,REG,8,2024-10-27,Sunday,13:00,TEN,14.0,DET,52.0,Home,38.0,66.0,0.0,2024102701,59617.0,,202410270det,,401671720,6558.0,7,7,550.0,-800.0,12.5,-105.0,-115.0,45.0,-108.0,-112.0,0,dome,fieldturf,,,00-0034771,00-0033106,Mason Rudolph,Jared Goff,Brian Callahan,Dan Campbell,Carl Cheffers,DET00,Ford Field,False
2024_08_IND_HOU,2024,REG,8,2024-10-27,Sunday,13:00,IND,20.0,HOU,23.0,Home,3.0,43.0,0.0,2024102702,59618.0,,202410270htx,,401671856,6559.0,7,7,185.0,-225.0,5.0,-112.0,-108.0,45.0,-108.0,-112.0,1,closed,astroturf,,,00-0026158,00-0039163,Joe Flacco,C.J. Stroud,Shane Steichen,DeMeco Ryans,Brad Allen,HOU00,NRG Stadium,True
2024_08_GB_JAX,2024,REG,8,2024-10-27,Sunday,13:00,GB,30.0,JAX,27.0,Home,-3.0,57.0,0.0,2024102703,59619.0,,202410270jax,,401671707,6560.0,7,7,-192.0,160.0,-3.5,-115.0,-105.0,49.0,-112.0,-108.0,0,outdoors,grass,84.0,4.0,00-0036264,00-0036971,Jordan Love,Trevor Lawrence,Matt LaFleur,Doug Pederson,Land Clark,JAX00,TIAA Bank Stadium,False
2024_08_ARI_MIA,2024,REG,8,2024-10-27,Sunday,13:00,ARI,28.0,MIA,27.0,Home,-1.0,55.0,0.0,2024102704,59620.0,,202410270mia,,401671850,6561.0,6,7,164.0,-198.0,4.0,-108.0,-112.0,46.5,-110.0,-110.0,0,outdoors,grass,82.0,14.0,00-0035228,00-0034177,Kyler Murray,Tim Boyle,Jonathan Gannon,Mike McDaniel,Clay Martin,MIA00,Hard Rock Stadium,False
2024_08_NYJ_NE,2024,REG,8,2024-10-27,Sunday,13:00,NYJ,22.0,NE,25.0,Home,3.0,47.0,0.0,2024102705,59621.0,,202410270nwe,,401671618,6562.0,7,7,-305.0,245.0,-7.0,-110.0,-110.0,41.0,-110.0,-110.0,1,outdoors,fieldturf,53.0,8.0,00-0023459,00-0039851,Aaron Rodgers,Drake Maye,Robert Saleh,Jerod Mayo,Craig Wrolstad,BOS00,Gillette Stadium,True
2024_08_ATL_TB,2024,REG,8,2024-10-27,Sunday,13:00,ATL,31.0,TB,26.0,Home,-5.0,57.0,0.0,2024102706,59622.0,,202410270tam,,401671739,6563.0,7,6,-122.0,102.0,-1.5,-110.0,-110.0,47.0,-108.0,-112.0,1,outdoors,grass,79.0,6.0,00-0029604,00-0034855,Kirk Cousins,Baker Mayfield,Raheem Morris,Todd Bowles,Shawn Hochuli,TAM00,Raymond James Stadium,True
2024_08_NO_LAC,2024,REG,8,2024-10-27,Sunday,16:05,NO,8.0,LAC,26.0,Home,18.0,34.0,0.0,2024102708,59624.0,,202410270sdg,,401671750,6565.0,10,6,250.0,-310.0,7.0,-110.0,-110.0,41.5,-108.0,-112.0,0,dome,matrixturf,,,00-0039376,00-0036355,Spencer Rattler,Justin Herbert,Dennis Allen,Jim Harbaugh,Alan Eck,LAX01,SoFi Stadium,False
2024_08_BUF_SEA,2024,REG,8,2024-10-27,Sunday,16:05,BUF,31.0,SEA,10.0,Home,-21.0,41.0,0.0,2024102709,59625.0,,202410270sea,,401671760,6566.0,7,7,-170.0,142.0,-3.0,-120.0,100.0,45.5,-105.0,-115.0,0,outdoors,fieldturf,55.0,14.0,00-0034857,00-0030565,Josh Allen,Geno Smith,Sean McDermott,Mike Macdonald,Ron Torbert,SEA00,Lumen Field,False
2024_08_CAR_DEN,2024,REG,8,2024-10-27,Sunday,16:25,CAR,14.0,DEN,28.0,Home,14.0,42.0,0.0,2024102711,59627.0,,202410270den,,401671600,6568.0,7,10,525.0,-750.0,13.0,-110.0,-110.0,40.5,-112.0,-108.0,0,outdoors,grass,76.0,4.0,00-0039150,00-0039732,Bryce Young,Bo Nix,Dave Canales,Sean Payton,Alex Kemp,DEN00,Empower Field at Mile High,False
2024_08_KC_LV,2024,REG,8,2024-10-27,Sunday,16:25,KC,27.0,LV,20.0,Home,-7.0,47.0,0.0,2024102712,59628.0,,202410270rai,,401671671,6569.0,7,7,-440.0,340.0,-9.0,-112.0,-108.0,42.0,-108.0,-112.0,1,dome,grass,,,00-0033873,00-0038579,Patrick Mahomes,Aidan O'Connell,Andy Reid,Antonio Pierce,Adrian Hill,VEG00,Allegiant Stadium,True
2024_08_CHI_WAS,2024,REG,8,2024-10-27,Sunday,16:25,CHI,15.0,WAS,18.0,Home,3.0,33.0,0.0,2024102707,59623.0,,202410270was,,401671599,6564.0,14,7,102.0,-122.0,1.5,-110.0,-110.0,46.5,-108.0,-112.0,0,outdoors,grass,58.0,2.0,00-0039918,00-0039910,Caleb Williams,Jayden Daniels,Matt Eberflus,Dan Quinn,Clete Blakeman,WAS00,FedExField,True
2024_08_DAL_SF,2024,REG,8,2024-10-27,Sunday,20:20,DAL,24.0,SF,30.0,Home,6.0,54.0,0.0,2024102713,59629.0,,202410270sfo,,401671795,6570.0,14,7,195.0,-238.0,5.5,-105.0,-115.0,48.0,-110.0,-110.0,0,outdoors,grass,69.0,9.0,00-0033077,00-0037834,Dak Prescott,Brock Purdy,Mike McCarthy,Kyle Shanahan,Bill Vinovich,SFO01,Levi's Stadium,True
2024_08_NYG_PIT,2024,REG,8,2024-10-28,Monday,20:15,NYG,18.0,PIT,26.0,Home,8.0,44.0,0.0,2024102800,59630.0,,202410280pit,,401671685,6571.0,8,8,220.0,-270.0,6.0,-105.0,-115.0,37.5,-110.0,-110.0,0,outdoors,grass,54.0,7.0,00-0035710,00-0029263,Daniel Jones,Russell Wilson,Brian Daboll,Mike Tomlin,Scott Novak,PIT00,Acrisure Stadium,False
2024_09_HOU_NYJ,2024,REG,9,2024-10-31,Thursday,20:15,HOU,13.0,NYJ,21.0,Home,8.0,34.0,0.0,2024103100,59631.0,,202410310nyj,,401671809,6572.0,4,4,124.0,-148.0,2.5,100.0,-120.0,43.5,-105.0,-115.0,0,outdoors,fieldturf,71.0,8.0,00-0039163,00-0023459,C.J. Stroud,Aaron Rodgers,DeMeco Ryans,Robert Saleh,Shawn Hochuli,NYC01,MetLife Stadium,True
2024_09_DAL_ATL,2024,REG,9,2024-11-03,Sunday,13:00,DAL,21.0,ATL,27.0,Home,6.0,48.0,0.0,2024110300,59632.0,,202411030atl,,401671728,6573.0,7,7,140.0,-166.0,3.0,-105.0,-115.0,52.0,-112.0,-108.0,0,closed,fieldturf,,,00-0033077,00-0029604,Dak Prescott,Kirk Cousins,Mike McCarthy,Raheem Morris,Scott Novak,ATL97,Mercedes-Benz Stadium,True
2024_09_DEN_BAL,2024,REG,9,2024-11-03,Sunday,13:00,DEN,10.0,BAL,41.0,Home,31.0,51.0,0.0,2024110301,59633.0,,202411030rav,,401671623,6574.0,7,7,330.0,-440.0,9.0,-115.0,-105.0,46.5,-110.0,-110.0,0,outdoors,grass,57.0,3.0,00-0039732,00-0034796,Bo Nix,Lamar Jackson,Sean Payton,John Harbaugh,Adrian Hill,BAL00,M&T Bank Stadium,True
2024_09_MIA_BUF,2024,REG,9,2024-11-03,Sunday,13:00,MIA,27.0,BUF,30.0,Home,3.0,57.0,0.0,2024110302,59634.0,,202411030buf,,401671493,6575.0,7,7,230.0,-285.0,6.5,-110.0,-110.0,49.0,-108.0,-112.0,1,outdoors,a_turf,54.0,9.0,00-0036212,00-0034857,Tua Tagovailoa,Josh Allen,Mike McDaniel,Sean McDermott,Tra Blake,BUF00,New Era Field,True
2024_09_NO_CAR,2024,REG,9,2024-11-03,Sunday,13:00,NO,22.0,CAR,23.0,Home,1.0,45.0,0.0,2024110303,59635.0,,202411030car,,401671650,6576.0,7,7,-345.0,275.0,-7.0,-118.0,-102.0,43.5,-108.0,-112.0,1,outdoors,grass,66.0,7.0,00-0031280,00-0039150,Derek Carr,Bryce Young,Dennis Allen,Dave Canales,Ron Torbert,CAR00,Bank of America Stadium,True
2024_09_LV_CIN,2024,REG,9,2024-11-03,Sunday,13:00,LV,24.0,CIN,41.0,Home,17.0,65.0,0.0,2024110304,59636.0,,202411030cin,,401671704,6577.0,7,7,320.0,-410.0,8.0,-110.0,-110.0,45.0,-108.0,-112.0,0,outdoors,fieldturf,67.0,7.0,00-0035289,00-0036442,Gardner Minshew,Joe Burrow,Antonio Pierce,Zac Taylor,Brad Rogers,CIN00,Paycor Stadium,True
2024_09_LAC_CLE,2024,REG,9,2024-11-03,Sunday,13:00,LAC,27.0,CLE,10.0,Home,-17.0,37.0,0.0,2024110305,59637.0,,202411030cle,,401671629,6578.0,7,7,-130.0,110.0,-2.0,-110.0,-110.0,42.5,-108.0,-112.0,0,outdoors,grass,57.0,10.0,00-0036355,00-0031503,Justin Herbert,Jameis Winston,Jim Harbaugh,Kevin Stefanski,Bill Vinovich,CLE00,FirstEnergy Stadium,True
2024_09_WAS_NYG,2024,REG,9,2024-11-03,Sunday,13:00,WAS,27.0,NYG,22.0,Home,-5.0,49.0,0.0,2024110307,59639.0,,202411030nyg,,401671711,6580.0,7,6,-218.0,180.0,-4.5,-108.0,-112.0,44.5,-110.0,-110.0,1,outdoors,fieldturf,52.0,6.0,00-0032268,00-0035710,Marcus Mariota,Daniel Jones,Dan Quinn,Brian Daboll,Brad Allen,NYC01,MetLife Stadium,True
2024_09_NE_TEN,2024,REG,9,2024-11-03,Sunday,13:00,NE,17.0,TEN,20.0,Home,3.0,37.0,1.0,2024110308,59640.0,,202411030oti,,401671822,6581.0,7,7,136.0,-162.0,3.0,-105.0,-115.0,38.5,-110.0,-110.0,0,outdoors,grass,75.0,10.0,00-0039851,00-0034771,Drake Maye,Mason Rudolph,Jerod Mayo,Brian Callahan,Alex Kemp,NAS00,Nissan Stadium,True
2024_09_CHI_ARI,2024,REG,9,2024-11-03,Sunday,16:05,CHI,9.0,ARI,29.0,Home,20.0,38.0,0.0,2024110309,59641.0,,202411030crd,,401671661,6582.0,7,7,100.0,-120.0,1.5,-110.0,-110.0,44.5,-110.0,-110.0,0,closed,grass,,,00-0039918,00-0035228,Caleb Williams,Kyler Murray,Matt Eberflus,Jonathan Gannon,Carl Cheffers,PHO00,State Farm Stadium,True
2024_09_JAX_PHI,2024,REG,9,2024-11-03,Sunday,16:05,JAX,23.0,PHI,28.0,Home,5.0,51.0,0.0,2024110312,59644.0,,202411030phi,,401671797,6585.0,7,7,270.0,-340.0,7.5,-112.0,-108.0,46.0,-110.0,-110.0,0,outdoors,grass,57.0,6.0,00-0036971,00-0036389,Trevor Lawrence,Jalen Hurts,Doug Pederson,Nick Sirianni,Alan Eck,PHI00,Lincoln Financial Field,False
2024_09_DET_GB,2024,REG,9,2024-11-03,Sunday,16:25,DET,24.0,GB,14.0,Home,-10.0,38.0,0.0,2024110310,59642.0,,202411030gnb,,401671767,6583.0,7,7,-155.0,130.0,-2.5,-120.0,100.0,47.5,-108.0,-112.0,1,outdoors,grass,50.0,15.0,00-0033106,00-0036264,Jared Goff,Jordan Love,Dan Campbell,Matt LaFleur,Clete Blakeman,GNB00,Lambeau Field,True
2024_09_LA_SEA,2024,REG,9,2024-11-03,Sunday,16:25,LA,26.0,SEA,20.0,Home,-6.0,46.0,1.0,2024110311,59643.0,,202411030sea,,401671776,6584.0,10,7,-125.0,105.0,-1.5,-112.0,-108.0,48.5,-110.0,-110.0,1,outdoors,fieldturf,52.0,4.0,00-0026498,00-0030565,Matthew Stafford,Geno Smith,Sean McVay,Mike Macdonald,Clay Martin,SEA00,Lumen Field,True
2024_09_IND_MIN,2024,REG,9,2024-11-03,Sunday,20:20,IND,13.0,MIN,21.0,Home,8.0,34.0,0.0,2024110306,59638.0,,202411030min,,401671647,6579.0,7,10,240.0,-298.0,6.5,-110.0,-110.0,47.0,-110.0,-110.0,0,dome,sportturf,,,00-0026158,00-0034869,Joe Flacco,Sam Darnold,Shane Steichen,Kevin O'Connell,Shawn Smith,MIN01,U.S. Bank Stadium,False
2024_09_TB_KC,2024,REG,9,2024-11-04,Monday,20:15,TB,24.0,KC,30.0,Home,6.0,54.0,1.0,2024110400,59645.0,,202411040kan,,401671688,6586.0,8,8,330.0,-425.0,9.0,-110.0,-110.0,45.5,-108.0,-112.0,0,outdoors,grass,63.0,6.0,00-0034855,00-0033873,Baker Mayfield,Patrick Mahomes,Todd Bowles,Andy Reid,John Hussey,KAN00,GEHA Field at Arrowhead Stadium,False
2024_10_CIN_BAL,2024,REG,10,2024-11-07,Thursday,20:15,CIN,34.0,BAL,35.0,Home,1.0,69.0,0.0,2024110700,59646.0,,202411070rav,,401671810,6587.0,4,4,220.0,-270.0,6.0,-108.0,-112.0,53.0,-108.0,-112.0,1,outdoors,grass,69.0,6.0,00-0036442,00-0034796,Joe Burrow,Lamar Jackson,Zac Taylor,John Harbaugh,Clete Blakeman,BAL00,M&T Bank Stadium,True
2024_10_NYG_CAR,2024,REG,10,2024-11-10,Sunday,09:30,NYG,17.0,CAR,20.0,Neutral,3.0,37.0,1.0,2024111000,59647.0,,202411100car,,401671803,6588.0,7,7,-298.0,240.0,-6.5,-118.0,-102.0,40.5,-115.0,-105.0,0,outdoors,,,,00-0035710,00-0027973,Daniel Jones,Andy Dalton,Brian Daboll,Dave Canales,Shawn Hochuli,GER00,Allianz Arena,True
2024_10_NE_CHI,2024,REG,10,2024-11-10,Sunday,13:00,NE,19.0,CHI,3.0,Home,-16.0,22.0,0.0,2024111001,59648.0,,202411100chi,,401671873,6589.0,7,7,260.0,-325.0,6.5,-110.0,-110.0,37.5,-112.0,-108.0,0,outdoors,grass,60.0,6.0,00-0039851,00-0039918,Drake Maye,Caleb Williams,Jerod Mayo,Matt Eberflus,Land Clark,CHI98,Soldier Field,False
2024_10_BUF_IND,2024,REG,10,2024-11-10,Sunday,13:00,BUF,30.0,IND,20.0,Home,-10.0,50.0,0.0,2024111002,59649.0,,202411100clt,,401671863,6590.0,7,7,-230.0,190.0,-4.5,-115.0,-105.0,46.5,-108.0,-112.0,0,closed,fieldturf,,,00-0034857,00-0026158,Josh Allen,Joe Flacco,Sean McDermott,Shane Steichen,Scott Novak,IND00,Lucas Oil Stadium,True
2024_10_MIN_JAX,2024,REG,10,2024-11-10,Sunday,13:00,MIN,12.0,JAX,7.0,Home,-5.0,19.0,0.0,2024111003,59650.0,,202411100jax,,401671708,6591.0,7,7,-345.0,280.0,-7.0,-120.0,100.0,42.5,-108.0,-112.0,0,outdoors,grass,79.0,7.0,00-0034869,00-0036972,Sam Darnold,Mac Jones,Kevin O'Connell,Doug Pederson,Adrian Hill,JAX00,TIAA Bank Stadium,False
2024_10_DEN_KC,2024,REG,10,2024-11-10,Sunday,13:00,DEN,14.0,KC,16.0,Home,2.0,30.0,0.0,2024111004,59651.0,,202411100kan,,401671637,6592.0,7,6,300.0,-380.0,7.5,-115.0,-105.0,42.5,-110.0,-110.0,1,outdoors,grass,57.0,12.0,00-0039732,00-0033873,Bo Nix,Patrick Mahomes,Sean Payton,Andy Reid,Brad Allen,KAN00,GEHA Field at Arrowhead Stadium,True
2024_10_ATL_NO,2024,REG,10,2024-11-10,Sunday,13:00,ATL,17.0,NO,20.0,Home,3.0,37.0,0.0,2024111005,59652.0,,202411100nor,,401671733,6593.0,7,7,-192.0,160.0,-3.5,-112.0,-108.0,46.5,-112.0,-108.0,1,dome,sportturf,,,00-0029604,00-0031280,Kirk Cousins,Derek Carr,Raheem Morris,Dennis Allen,Carl Cheffers,NOR00,Mercedes-Benz Superdome,True
2024_10_SF_TB,2024,REG,10,2024-11-10,Sunday,13:00,SF,23.0,TB,20.0,Home,-3.0,43.0,0.0,2024111006,59653.0,,202411100tam,,401671742,6594.0,14,6,-298.0,240.0,-6.5,-118.0,-102.0,50.5,-112.0,-108.0,0,outdoors,grass,85.0,9.0,00-0037834,00-0034855,Brock Purdy,Baker Mayfield,Kyle Shanahan,Todd Bowles,Shawn Smith,TAM00,Raymond James Stadium,True
2024_10_PIT_WAS,2024,REG,10,2024-11-10,Sunday,13:00,PIT,28.0,WAS,27.0,Home,-1.0,55.0,0.0,2024111007,59654.0,,202411100was,,401671641,6595.0,13,7,102.0,-122.0,1.5,-110.0,-110.0,45.0,-108.0,-112.0,0,outdoors,grass,57.0,9.0,00-0029263,00-0032268,Russell Wilson,Marcus Mariota,Mike Tomlin,Dan Quinn,Brad Rogers,WAS00,FedExField,False
2024_10_TEN_LAC,2024,REG,10,2024-11-10,Sunday,16:05,TEN,17.0,LAC,27.0,Home,10.0,44.0,0.0,2024111008,59655.0,,202411100sdg,,401671751,6596.0,7,7,300.0,-380.0,8.0,-108.0,-112.0,40.0,-110.0,-110.0,0,dome,matrixturf,,,00-0034771,00-0036355,Mason Rudolph,Justin Herbert,Brian Callahan,Jim Harbaugh,Craig Wrolstad,LAX01,SoFi Stadium,True
2024_10_NYJ_ARI,2024,REG,10,2024-11-10,Sunday,16:25,NYJ,6.0,ARI,31.0,Home,25.0,37.0,0.0,2024111009,59656.0,,202411100crd,,401671678,6597.0,10,7,-130.0,110.0,-2.0,-110.0,-110.0,45.5,-108.0,-112.0,0,closed,grass,,,00-0023459,00-0035228,Aaron Rodgers,Kyler Murray,Robert Saleh,Jonathan Gannon,John Hussey,PHO00,State Farm Stadium,False
2024_10_PHI_DAL,2024,REG,10,2024-11-10,Sunday,16:25,PHI,34.0,DAL,6.0,Home,-28.0,40.0,0.0,2024111010,59657.0,,202411100dal,,401671676,6598.0,7,7,-360.0,285.0,-7.5,-108.0,-112.0,44.5,-110.0,-110.0,1,closed,matrixturf,,,00-0036389,00-0033662,Jalen Hurts,Cooper Rush,Nick Sirianni,Mike McCarthy,Alex Kemp,DAL00,AT&T Stadium,True
2024_10_DET_HOU,2024,REG,10,2024-11-10,Sunday,20:20,DET,26.0,HOU,23.0,Home,-3.0,49.0,0.0,2024111011,59658.0,,202411100htx,,401671787,6599.0,7,10,-230.0,190.0,-4.5,-110.0,-110.0,49.0,-110.0,-112.0,0,closed,astroturf,,,00-0033106,00-0039163,Jared Goff,C.J. Stroud,Dan Campbell,DeMeco Ryans,Bill Vinovich,HOU00,NRG Stadium,False
2024_10_MIA_LA,2024,REG,10,2024-11-11,Monday,20:15,MIA,23.0,LA,15.0,Home,-8.0,38.0,0.0,2024111100,59659.0,,202411110ram,,401671693,6600.0,8,8,120.0,-142.0,2.5,-102.0,-118.0,49.5,-108.0,-112.0,0,dome,matrixturf,,,00-0036212,00-0026498,Tua Tagovailoa,Matthew Stafford,Mike McDaniel,Sean McVay,Ron Torbert,LAX01,SoFi Stadium,False
2024_11_WAS_PHI,2024,REG,11,2024-11-14,Thursday,20:15,WAS,18.0,PHI,26.0,Home,8.0,44.0,0.0,2024111400,59660.0,,202411140phi,,401671813,6601.0,4,4,190.0,-230.0,4.5,-110.0,-110.0,49.5,-110.0,-110.0,1,outdoors,grass,46.0,9.0,00-0032268,00-0036389,Marcus Mariota,Jalen Hurts,Dan Quinn,Nick Sirianni,Adrian Hill,PHI00,Lincoln Financial Field,True
2024_11_GB_CHI,2024,REG,11,2024-11-17,Sunday,13:00,GB,20.0,CHI,19.0,Home,-1.0,39.0,0.0,2024111700,59661.0,,202411170chi,,401671869,6602.0,14,7,-265.0,215.0,-6.0,-115.0,-105.0,41.0,-108.0,-112.0,1,outdoors,grass,54.0,5.0,00-0036264,00-0039918,Jordan Love,Caleb Williams,Matt LaFleur,Matt Eberflus,Bill Vinovich,CHI98,Soldier Field,True
2024_11_JAX_DET,2024,REG,11,2024-11-17,Sunday,13:00,JAX,6.0,DET,52.0,Home,46.0,58.0,0.0,2024111701,59662.0,,202411170det,,401671642,6603.0,7,7,650.0,-1000.0,14.0,-105.0,-115.0,47.5,-110.0,-110.0,0,dome,fieldturf,,,00-0036972,00-0033106,Mac Jones,Jared Goff,Doug Pederson,Dan Campbell,Scott Novak,DET00,Ford Field,False
2024_11_LV_MIA,2024,REG,11,2024-11-17,Sunday,13:00,LV,19.0,MIA,34.0,Home,15.0,53.0,0.0,2024111702,59663.0,,202411170mia,,401671851,6604.0,14,6,330.0,-425.0,8.0,-105.0,-115.0,43.5,-112.0,-108.0,0,outdoors,grass,80.0,16.0,00-0035289,00-0036212,Gardner Minshew,Tua Tagovailoa,Antonio Pierce,Mike McDaniel,John Hussey,MIA00,Hard Rock Stadium,True
2024_11_LA_NE,2024,REG,11,2024-11-17,Sunday,13:00,LA,28.0,NE,22.0,Home,-6.0,50.0,0.0,2024111703,59664.0,,202411170nwe,,401671701,6605.0,6,7,-198.0,164.0,-4.0,-108.0,-112.0,42.5,-112.0,-108.0,0,outdoors,fieldturf,59.0,9.0,00-0026498,00-0039851,Matthew Stafford,Drake Maye,Sean McVay,Jerod Mayo,Shawn Smith,BOS00,Gillette Stadium,False
2024_11_CLE_NO,2024,REG,11,2024-11-17,Sunday,13:00,CLE,14.0,NO,35.0,Home,21.0,49.0,0.0,2024111704,59665.0,,202411170nor,,401671746,6606.0,14,7,-115.0,-105.0,-1.0,-110.0,-110.0,44.0,-110.0,-110.0,0,dome,sportturf,,,00-0031503,00-0031280,Jameis Winston,Derek Carr,Kevin Stefanski,Dennis Allen,Alex Kemp,NOR00,Mercedes-Benz Superdome,False
2024_11_IND_NYJ,2024,REG,11,2024-11-17,Sunday,13:00,IND,28.0,NYJ,27.0,Home,-1.0,55.0,0.0,2024111711,59672.0,,202411170nyj,,401671782,6613.0,7,7,170.0,-205.0,4.0,-110.0,-110.0,43.0,-110.0,-110.0,0,outdoors,fieldturf,62.0,4.0,00-0026158,00-0023459,Joe Flacco,Aaron Rodgers,Shane Steichen,Robert Saleh,Tra Blake,NYC01,MetLife Stadium,True
2024_11_BAL_PIT,2024,REG,11,2024-11-17,Sunday,13:00,BAL,16.0,PIT,18.0,Home,2.0,34.0,0.0,2024111705,59666.0,,202411170pit,,401671630,6607.0,10,7,-175.0,145.0,-3.0,-120.0,100.0,48.0,-108.0,-112.0,1,outdoors,grass,52.0,5.0,00-0034796,00-0029263,Lamar Jackson,Russell Wilson,John Harbaugh,Mike Tomlin,Clay Martin,PIT00,Acrisure Stadium,True
2024_11_MIN_TEN,2024,REG,11,2024-11-17,Sunday,13:00,MIN,23.0,TEN,13.0,Home,-10.0,36.0,0.0,2024111706,59667.0,,202411170oti,,401671824,6608.0,7,7,-290.0,235.0,-6.0,-118.0,-102.0,40.0,-110.0,-110.0,0,outdoors,grass,66.0,7.0,00-0034869,00-0034771,Sam Darnold,Mason Rudolph,Kevin O'Connell,Brian Callahan,Clete Blakeman,NAS00,Nissan Stadium,False
2024_11_ATL_DEN,2024,REG,11,2024-11-17,Sunday,16:05,ATL,6.0,DEN,38.0,Home,32.0,44.0,0.0,2024111707,59668.0,,202411170den,,401671748,6609.0,7,7,114.0,-135.0,2.0,-108.0,-112.0,44.5,-112.0,-108.0,0,outdoors,grass,55.0,9.0,00-0029604,00-0039732,Kirk Cousins,Bo Nix,Raheem Morris,Sean Payton,Alan Eck,DEN00,Empower Field at Mile High,False
2024_11_SEA_SF,2024,REG,11,2024-11-17,Sunday,16:05,SEA,20.0,SF,17.0,Home,-3.0,37.0,0.0,2024111708,59669.0,,202411170sfo,,401671757,6610.0,14,7,215.0,-265.0,6.0,-110.0,-110.0,49.0,-112.0,-108.0,1,outdoors,grass,59.0,4.0,00-0030565,00-0037834,Geno Smith,Brock Purdy,Mike Macdonald,Kyle Shanahan,Brad Rogers,SFO01,Levi's Stadium,True
2024_11_KC_BUF,2024,REG,11,2024-11-17,Sunday,16:25,KC,21.0,BUF,30.0,Home,9.0,51.0,0.0,2024111709,59670.0,,202411170buf,,401671665,6611.0,7,7,120.0,-142.0,2.5,-108.0,-112.0,46.5,-108.0,-112.0,0,outdoors,a_turf,50.0,3.0,00-0033873,00-0034857,Patrick Mahomes,Josh Allen,Andy Reid,Sean McDermott,Land Clark,BUF00,New Era Field,True
2024_11_CIN_LAC,2024,REG,11,2024-11-17,Sunday,20:20,CIN,27.0,LAC,34.0,Home,7.0,61.0,0.0,2024111710,59671.0,,202411170sdg,,401671675,6612.0,10,7,-110.0,-110.0,1.0,-118.0,-102.0,48.0,-105.0,-115.0,0,dome,matrixturf,,,00-0036442,00-0036355,Joe Burrow,Justin Herbert,Zac Taylor,Jim Harbaugh,Brad Allen,LAX01,SoFi Stadium,True
2024_11_HOU_DAL,2024,REG,11,2024-11-18,Monday,20:15,HOU,34.0,DAL,10.0,Home,-24.0,44.0,0.0,2024111800,59673.0,,202411180dal,,401671694,6614.0,8,8,-360.0,285.0,-7.5,100.0,-120.0,41.5,-105.0,-115.0,0,closed,matrixturf,,,00-0039163,00-0033662,C.J. Stroud,Cooper Rush,DeMeco Ryans,Mike McCarthy,Craig Wrolstad,DAL00,AT&T Stadium,False
2024_12_PIT_CLE,2024,REG,12,2024-11-21,Thursday,20:15,PIT,19.0,CLE,24.0,Home,5.0,43.0,0.0,2024112100,59674.0,,202411210cle,,401671875,6615.0,4,4,-205.0,170.0,-3.5,-115.0,-105.0,36.5,-108.0,-112.0,1,outdoors,grass,36.0,13.0,00-0029263,00-0031503,Russell Wilson,Jameis Winston,Mike Tomlin,Kevin Stefanski,Brad Allen,CLE00,FirstEnergy Stadium,True
2024_12_KC_CAR,2024,REG,12,2024-11-24,Sunday,13:00,KC,30.0,CAR,27.0,Home,-3.0,57.0,0.0,2024112400,59675.0,,202411240car,,401671651,6616.0,7,14,-700.0,500.0,-11.0,-112.0,-108.0,43.0,-110.0,-110.0,0,outdoors,grass,61.0,5.0,00-0033873,00-0027973,Patrick Mahomes,Andy Dalton,Andy Reid,Dave Canales,Shawn Smith,CAR00,Bank of America Stadium,False
2024_12_MIN_CHI,2024,REG,12,2024-11-24,Sunday,13:00,MIN,30.0,CHI,27.0,Home,-3.0,57.0,1.0,2024112401,59676.0,,202411240chi,,401671870,6617.0,7,7,-175.0,145.0,-3.0,-120.0,100.0,39.5,-108.0,-112.0,1,outdoors,grass,47.0,5.0,00-0034869,00-0039918,Sam Darnold,Caleb Williams,Kevin O'Connell,Matt Eberflus,Clay Martin,CHI98,Soldier Field,True
2024_12_TEN_HOU,2024,REG,12,2024-11-24,Sunday,13:00,TEN,32.0,HOU,27.0,Home,-5.0,59.0,0.0,2024112402,59677.0,,202411240htx,,401671858,6618.0,7,6,295.0,-375.0,8.0,-112.0,-108.0,40.5,-112.0,-108.0,1,closed,astroturf,,,00-0034771,00-0039163,Mason Rudolph,C.J. Stroud,Brian Callahan,DeMeco Ryans,Brad Rogers,HOU00,NRG Stadium,True
2024_12_DET_IND,2024,REG,12,2024-11-24,Sunday,13:00,DET,24.0,IND,6.0,Home,-18.0,30.0,0.0,2024112403,59678.0,,202411240clt,,401671866,6619.0,7,7,-375.0,295.0,-7.0,-122.0,102.0,50.5,-110.0,-110.0,0,closed,fieldturf,,,00-0033106,00-0026158,Jared Goff,Joe Flacco,Dan Campbell,Shane Steichen,Shawn Hochuli,IND00,Lucas Oil Stadium,False
2024_12_NE_MIA,2024,REG,12,2024-11-24,Sunday,13:00,NE,15.0,MIA,34.0,Home,19.0,49.0,0.0,2024112404,59679.0,,202411240mia,,401671847,6620.0,7,7,285.0,-360.0,7.5,-115.0,-105.0,46.0,-108.0,-112.0,1,outdoors,grass,77.0,6.0,00-0039851,00-0036212,Drake Maye,Tua Tagovailoa,Jerod Mayo,Mike McDaniel,Alan Eck,MIA00,Hard Rock Stadium,True
2024_12_TB_NYG,2024,REG,12,2024-11-24,Sunday,13:00,TB,30.0,NYG,7.0,Home,-23.0,37.0,0.0,2024112405,59680.0,,202411240nyg,,401671638,6621.0,14,14,-298.0,240.0,-6.5,-108.0,-112.0,40.5,-110.0,-110.0,0,outdoors,fieldturf,50.0,13.0,00-0034855,00-0038476,Baker Mayfield,Tommy DeVito,Todd Bowles,Brian Daboll,Adrian Hill,NYC01,MetLife Stadium,True
2024_12_DAL_WAS,2024,REG,12,2024-11-24,Sunday,13:00,DAL,34.0,WAS,26.0,Home,-8.0,60.0,0.0,2024112406,59681.0,,202411240was,,401671715,6622.0,6,10,455.0,-625.0,10.5,-112.0,-108.0,45.0,-110.0,-110.0,1,outdoors,grass,55.0,5.0,00-0033662,00-0032268,Cooper Rush,Marcus Mariota,Mike McCarthy,Dan Quinn,Tra Blake,WAS00,FedExField,True
2024_12_DEN_LV,2024,REG,12,2024-11-24,Sunday,16:05,DEN,29.0,LV,19.0,Home,-10.0,48.0,0.0,2024112407,59682.0,,202411240rai,,401671656,6623.0,7,7,-278.0,225.0,-6.5,-105.0,-115.0,41.5,-108.0,-112.0,1,dome,grass,,,00-0039732,00-0035289,Bo Nix,Gardner Minshew,Sean Payton,Antonio Pierce,Ron Torbert,VEG00,Allegiant Stadium,True
2024_12_SF_GB,2024,REG,12,2024-11-24,Sunday,16:25,SF,10.0,GB,38.0,Home,28.0,48.0,0.0,2024112408,59683.0,,202411240gnb,,401671768,6624.0,7,7,235.0,-290.0,6.5,-112.0,-108.0,44.5,-108.0,-112.0,0,outdoors,grass,43.0,11.0,00-0032434,00-0036264,Brandon Allen,Jordan Love,Kyle Shanahan,Matt LaFleur,Craig Wrolstad,GNB00,Lambeau Field,True
2024_12_ARI_SEA,2024,REG,12,2024-11-24,Sunday,16:25,ARI,6.0,SEA,16.0,Home,10.0,22.0,0.0,2024112409,59684.0,,202411240sea,,401671775,6625.0,14,7,-115.0,-105.0,-1.0,-110.0,-110.0,46.5,-108.0,-112.0,1,outdoors,fieldturf,45.0,5.0,00-0035228,00-0030565,Kyler Murray,Geno Smith,Jonathan Gannon,Mike Macdonald,Scott Novak,SEA00,Lumen Field,True
2024_12_PHI_LA,2024,REG,12,2024-11-24,Sunday,20:20,PHI,37.0,LA,20.0,Home,-17.0,57.0,0.0,2024112410,59685.0,,202411240ram,,401671794,6626.0,10,7,-170.0,142.0,-3.0,-112.0,-108.0,49.0,-108.0,-112.0,0,dome,matrixturf,,,00-0036389,00-0026498,Jalen Hurts,Matthew Stafford,Nick Sirianni,Sean McVay,Land Clark,LAX01,SoFi Stadium,True
2024_12_BAL_LAC,2024,REG,12,2024-11-25,Monday,20:15,BAL,30.0,LAC,23.0,Home,-7.0,53.0,0.0,2024112500,59686.0,,202411250sdg,,401671689,6627.0,8,8,-166.0,140.0,-3.0,-110.0,-110.0,51.0,-112.0,-108.0,0,dome,matrixturf,,,00-0034796,00-0036355,Lamar Jackson,Justin Herbert,John Harbaugh,Jim Harbaugh,Craig Wrolstad,LAX01,SoFi Stadium,True
2024_13_CHI_DET,2024,REG,13,2024-11-28,Thursday,12:30,CHI,20.0,DET,23.0,Home,3.0,43.0,0.0,2024112800,59687.0,,202411280det,,401671492,6628.0,4,4,390.0,-520.0,9.5,-102.0,-118.0,47.5,100.0,-120.0,1,dome,fieldturf,,,00-0039918,00-0033106,Caleb Williams,Jared Goff,Matt Eberflus,Dan Campbell,Alan Eck,DET00,Ford Field,True
2024_13_NYG_DAL,2024,REG,13,2024-11-28,Thursday,16:30,NYG,20.0,DAL,27.0,Home,7.0,47.0,0.0,2024112801,59688.0,,202411280dal,,401671779,6629.0,4,4,185.0,-218.0,4.5,-110.0,-110.0,39.0,-110.0,-110.0,1,closed,matrixturf,,,00-0035704,00-0033662,Drew Lock,Cooper Rush,Brian Daboll,Mike McCarthy,Brad Rogers,DAL00,AT&T Stadium,True
2024_13_MIA_GB,2024,REG,13,2024-11-28,Thursday,20:20,MIA,17.0,GB,30.0,Home,13.0,47.0,0.0,2024112802,59689.0,,202411280gnb,,401671798,6630.0,4,4,145.0,-175.0,3.5,-115.0,-105.0,47.5,-110.0,-110.0,0,outdoors,grass,27.0,10.0,00-0036212,00-0036264,Tua Tagovailoa,Jordan Love,Mike McDaniel,Matt LaFleur,Shawn Smith,GNB00,Lambeau Field,False
2024_13_LV_KC,2024,REG,13,2024-11-29,Friday,15:00,LV,17.0,KC,19.0,Home,2.0,36.0,0.0,2024112900,59690.0,,202411290kan,,401671806,6631.0,5,5,550.0,-800.0,13.5,-108.0,-112.0,42.0,-108.0,-112.0,1,outdoors,grass,37.0,5.0,00-0035289,00-0033873,Gardner Minshew,Patrick Mahomes,Antonio Pierce,Andy Reid,Clay Martin,KAN00,GEHA Field at Arrowhead Stadium,True
2024_13_LAC_ATL,2024,REG,13,2024-12-01,Sunday,13:00,LAC,17.0,ATL,13.0,Home,-4.0,30.0,0.0,2024120100,59691.0,,202412010atl,,401671649,6632.0,6,14,-118.0,-102.0,-1.0,-108.0,-112.0,47.0,-110.0,-110.0,0,closed,fieldturf,,,00-0036355,00-0029604,Justin Herbert,Kirk Cousins,Jim Harbaugh,Raheem Morris,Clete Blakeman,ATL97,Mercedes-Benz Stadium,False
2024_13_PIT_CIN,2024,REG,13,2024-12-01,Sunday,13:00,PIT,44.0,CIN,38.0,Home,-6.0,82.0,0.0,2024120101,59692.0,,202412010cin,,401671627,6633.0,10,14,130.0,-155.0,3.0,-110.0,-110.0,46.0,-108.0,-112.0,1,outdoors,fieldturf,32.0,9.0,00-0029263,00-0036442,Russell Wilson,Joe Burrow,Mike Tomlin,Zac Taylor,Shawn Hochuli,CIN00,Paycor Stadium,True
2024_13_HOU_JAX,2024,REG,13,2024-12-01,Sunday,13:00,HOU,23.0,JAX,20.0,Home,-3.0,43.0,0.0,2024120102,59693.0,,202412010jax,,401671705,6634.0,7,14,-192.0,160.0,-3.5,-110.0,-110.0,44.5,-108.0,-112.0,1,outdoors,grass,,,00-0039163,00-0036971,C.J. Stroud,Trevor Lawrence,DeMeco Ryans,Doug Pederson,Land Clark,JAX00,TIAA Bank Stadium,True
2024_13_ARI_MIN,2024,REG,13,2024-12-01,Sunday,13:00,ARI,22.0,MIN,23.0,Home,1.0,45.0,0.0,2024120103,59694.0,,202412010min,,401671726,6635.0,7,7,154.0,-185.0,3.5,-110.0,-110.0,45.5,-112.0,-108.0,0,dome,sportturf,,,00-0035228,00-0034869,Kyler Murray,Sam Darnold,Jonathan Gannon,Kevin O'Connell,Bill Vinovich,MIN01,U.S. Bank Stadium,True
2024_13_IND_NE,2024,REG,13,2024-12-01,Sunday,13:00,IND,25.0,NE,24.0,Home,-1.0,49.0,0.0,2024120104,59695.0,,202412010nwe,,401671620,6636.0,7,7,-135.0,114.0,-2.5,-115.0,-105.0,41.5,-110.0,-110.0,0,outdoors,fieldturf,36.0,9.0,00-0026158,00-0039851,Joe Flacco,Drake Maye,Shane Steichen,Jerod Mayo,Adrian Hill,BOS00,Gillette Stadium,True
2024_13_SEA_NYJ,2024,REG,13,2024-12-01,Sunday,13:00,SEA,26.0,NYJ,21.0,Home,-5.0,47.0,0.0,2024120105,59696.0,,202412010nyj,,401671703,6637.0,7,14,-105.0,-115.0,1.0,-110.0,-110.0,41.5,-110.0,-110.0,0,outdoors,fieldturf,37.0,12.0,00-0030565,00-0023459,Geno Smith,Aaron Rodgers,Mike Macdonald,Robert Saleh,Carl Cheffers,NYC01,MetLife Stadium,False
2024_13_TEN_WAS,2024,REG,13,2024-12-01,Sunday,13:00,TEN,19.0,WAS,42.0,Home,23.0,61.0,0.0,2024120106,59697.0,,202412010was,,401671743,6638.0,7,7,205.0,-250.0,6.0,-112.0,-108.0,45.0,-108.0,-112.0,0,outdoors,grass,42.0,6.0,00-0034771,00-0032268,Mason Rudolph,Marcus Mariota,Brian Callahan,Dan Quinn,Ron Torbert,WAS00,FedExField,False
2024_13_TB_CAR,2024,REG,13,2024-12-01,Sunday,16:05,TB,26.0,CAR,23.0,Home,-3.0,49.0,1.0,2024120107,59698.0,,202412010car,,401671752,6639.0,7,7,-290.0,235.0,-6.5,-115.0,-105.0,46.0,-110.0,-110.0,1,outdoors,grass,51.0,7.0,00-0034855,00-0027973,Baker Mayfield,Andy Dalton,Todd Bowles,Dave Canales,Tra Blake,CAR00,Bank of America Stadium,True
2024_13_LA_NO,2024,REG,13,2024-12-01,Sunday,16:05,LA,21.0,NO,14.0,Home,-7.0,35.0,0.0,2024120108,59699.0,,202412010nor,,401671753,6640.0,7,14,-142.0,120.0,-2.5,-115.0,-105.0,48.5,-108.0,-112.0,0,dome,sportturf,,,00-0026498,00-0031280,Matthew Stafford,Derek Carr,Sean McVay,Dennis Allen,Brad Allen,NOR00,Mercedes-Benz Superdome,True
2024_13_PHI_BAL,2024,REG,13,2024-12-01,Sunday,16:25,PHI,24.0,BAL,19.0,Home,-5.0,43.0,0.0,2024120109,59700.0,,202412010rav,,401671666,6641.0,7,6,136.0,-162.0,3.0,-110.0,-110.0,50.0,-110.0,-110.0,0,outdoors,grass,41.0,7.0,00-0036389,00-0034796,Jalen Hurts,Lamar Jackson,Nick Sirianni,John Harbaugh,Craig Wrolstad,BAL00,M&T Bank Stadium,False
2024_13_SF_BUF,2024,REG,13,2024-12-01,Sunday,20:20,SF,10.0,BUF,35.0,Home,25.0,45.0,0.0,2024120110,59701.0,,202412010buf,,401671781,6642.0,7,14,270.0,-340.0,6.5,-102.0,-118.0,45.0,-110.0,-110.0,0,outdoors,a_turf,28.0,11.0,00-0037834,00-0034857,Brock Purdy,Josh Allen,Kyle Shanahan,Sean McDermott,Alex Kemp,BUF00,New Era Field,False
2024_13_CLE_DEN,2024,REG,13,2024-12-02,Monday,20:15,CLE,32.0,DEN,41.0,Home,9.0,73.0,0.0,2024120200,59702.0,,202412020den,,401671686,6643.0,11,8,235.0,-290.0,6.5,-108.0,-112.0,41.5,-110.0,-110.0,0,outdoors,grass,48.0,4.0,00-0031503,00-0039732,Jameis Winston,Bo Nix,Kevin Stefanski,Sean Payton,John Hussey,DEN00,Empower Field at Mile High,True
2024_14_GB_DET,2024,REG,14,2024-12-05,Thursday,20:15,GB,31.0,DET,34.0,Home,3.0,65.0,0.0,2024120500,59703.0,,202412050det,,401671814,6644.0,7,7,142.0,-170.0,3.0,100.0,-120.0,53.0,-110.0,-110.0,1,dome,fieldturf,,,00-0036264,00-0033106,Jordan Love,Jared Goff,Matt LaFleur,Dan Campbell,John Hussey,DET00,Ford Field,True
2024_14_NYJ_MIA,2024,REG,14,2024-12-08,Sunday,13:00,NYJ,26.0,MIA,32.0,Home,6.0,58.0,1.0,2024120800,59704.0,,202412080mia,,401671848,6645.0,7,10,240.0,-298.0,6.5,-108.0,-112.0,45.0,-112.0,-108.0,1,outdoors,grass,77.0,12.0,00-0023459,00-0036212,Aaron Rodgers,Tua Tagovailoa,Robert Saleh,Mike McDaniel,Shawn Hochuli,MIA00,Hard Rock Stadium,True
2024_14_ATL_MIN,2024,REG,14,2024-12-08,Sunday,13:00,ATL,21.0,MIN,42.0,Home,21.0,63.0,0.0,2024120801,59705.0,,202412080min,,401671648,6646.0,7,7,205.0,-250.0,6.0,-110.0,-110.0,46.5,-108.0,-112.0,0,dome,sportturf,,,00-0029604,00-0034869,Kirk Cousins,Sam Darnold,Raheem Morris,Kevin O'Connell,Alex Kemp,MIN01,U.S. Bank Stadium,True
2024_14_NO_NYG,2024,REG,14,2024-12-08,Sunday,13:00,NO,14.0,NYG,11.0,Home,-3.0,25.0,0.0,2024120802,59706.0,,202412080nyg,,401671601,6647.0,7,10,-245.0,200.0,-5.5,-115.0,-105.0,41.0,-110.0,-110.0,0,outdoors,fieldturf,54.0,13.0,00-0031280,00-0038476,Derek Carr,Tommy DeVito,Dennis Allen,Brian Daboll,Clete Blakeman,NYC01,MetLife Stadium,True
2024_14_CAR_PHI,2024,REG,14,2024-12-08,Sunday,13:00,CAR,16.0,PHI,22.0,Home,6.0,38.0,0.0,2024120803,59707.0,,202412080phi,,401671713,6648.0,7,7,625.0,-950.0,14.0,-112.0,-108.0,44.5,-112.0,-108.0,0,outdoors,grass,55.0,16.0,00-0027973,00-0036389,Andy Dalton,Jalen Hurts,Dave Canales,Nick Sirianni,Carl Cheffers,PHI00,Lincoln Financial Field,True
2024_14_CLE_PIT,2024,REG,14,2024-12-08,Sunday,13:00,CLE,14.0,PIT,27.0,Home,13.0,41.0,0.0,2024120804,59708.0,,202412080pit,,401671631,6649.0,6,7,210.0,-258.0,6.0,-112.0,-108.0,43.0,-110.0,-110.0,1,outdoors,grass,49.0,12.0,00-0031503,00-0029263,Jameis Winston,Russell Wilson,Kevin Stefanski,Mike Tomlin,Land Clark,PIT00,Acrisure Stadium,True
2024_14_LV_TB,2024,REG,14,2024-12-08,Sunday,13:00,LV,13.0,TB,28.0,Home,15.0,41.0,0.0,2024120805,59709.0,,202412080tam,,401671654,6650.0,9,7,260.0,-325.0,7.0,-115.0,-105.0,47.0,-112.0,-108.0,0,outdoors,grass,71.0,4.0,00-0035289,00-0034855,Gardner Minshew,Baker Mayfield,Antonio Pierce,Todd Bowles,Alan Eck,TAM00,Raymond James Stadium,False
2024_14_JAX_TEN,2024,REG,14,2024-12-08,Sunday,13:00,JAX,10.0,TEN,6.0,Home,-4.0,16.0,0.0,2024120806,59710.0,,202412080oti,,401671821,6651.0,7,7,142.0,-170.0,3.0,-105.0,-115.0,40.0,-108.0,-112.0,1,outdoors,grass,53.0,9.0,00-0036972,00-0034771,Mac Jones,Mason Rudolph,Doug Pederson,Brian Callahan,Tra Blake,NAS00,Nissan Stadium,True
2024_14_SEA_ARI,2024,REG,14,2024-12-08,Sunday,16:05,SEA,30.0,ARI,18.0,Home,-12.0,48.0,0.0,2024120807,59711.0,,202412080crd,,401671660,6652.0,7,7,145.0,-175.0,3.0,-105.0,-115.0,45.5,-110.0,-110.0,1,closed,grass,,,00-0030565,00-0035228,Geno Smith,Kyler Murray,Mike Macdonald,Jonathan Gannon,Clay Martin,PHO00,State Farm Stadium,True
2024_14_BUF_LA,2024,REG,14,2024-12-08,Sunday,16:25,BUF,42.0,LA,44.0,Home,2.0,86.0,0.0,2024120808,59712.0,,202412080ram,,401671773,6653.0,7,7,-192.0,160.0,-3.5,-118.0,-102.0,49.5,-108.0,-112.0,0,dome,matrixturf,,,00-0034857,00-0026498,Josh Allen,Matthew Stafford,Sean McDermott,Sean McVay,Craig Wrolstad,LAX01,SoFi Stadium,False
2024_14_CHI_SF,2024,REG,14,2024-12-08,Sunday,16:25,CHI,13.0,SF,38.0,Home,25.0,51.0,0.0,2024120809,59713.0,,202412080sfo,,401671774,6654.0,10,7,136.0,-162.0,3.0,-110.0,-110.0,43.5,-108.0,-112.0,0,outdoors,grass,65.0,4.0,00-0039918,00-0037834,Caleb Williams,Brock Purdy,Matt Eberflus,Kyle Shanahan,Ron Torbert,SFO01,Levi's Stadium,True
2024_14_LAC_KC,2024,REG,14,2024-12-08,Sunday,20:20,LAC,17.0,KC,19.0,Home,2.0,36.0,0.0,2024120810,59714.0,,202412080kan,,401671788,6655.0,7,9,195.0,-238.0,5.0,-115.0,-105.0,43.5,-110.0,-110.0,1,outdoors,grass,50.0,10.0,00-0036355,00-0033873,Justin Herbert,Patrick Mahomes,Jim Harbaugh,Andy Reid,Bill Vinovich,KAN00,GEHA Field at Arrowhead Stadium,True
2024_14_CIN_DAL,2024,REG,14,2024-12-09,Monday,20:15,CIN,27.0,DAL,20.0,Home,-7.0,47.0,0.0,2024120900,59715.0,,202412090dal,,401671690,6656.0,8,11,-230.0,190.0,-5.0,-110.0,-110.0,51.0,-112.0,-108.0,0,closed,matrixturf,,,00-0036442,00-0033662,Joe Burrow,Cooper Rush,Zac Taylor,Mike McCarthy,Scott Novak,DAL00,AT&T Stadium,False
2024_15_LA_SF,2024,REG,15,2024-12-12,Thursday,20:15,LA,12.0,SF,6.0,Home,-6.0,18.0,0.0,2024121200,59716.0,,202412120sfo,,401671818,6657.0,4,4,130.0,-155.0,3.0,-118.0,-102.0,48.5,-110.0,-110.0,1,outdoors,grass,53.0,4.0,00-0026498,00-0037834,Matthew Stafford,Brock Purdy,Sean McVay,Kyle Shanahan,Clay Martin,SFO01,Levi's Stadium,True
2024_15_DAL_CAR,2024,REG,15,2024-12-15,Sunday,13:00,DAL,30.0,CAR,14.0,Home,-16.0,44.0,0.0,2024121500,59717.0,,202412150car,,401671731,6658.0,6,7,120.0,-142.0,2.5,100.0,-120.0,42.0,-112.0,-108.0,0,outdoors,grass,45.0,7.0,00-0033662,00-0039150,Cooper Rush,Bryce Young,Mike McCarthy,Dave Canales,Bill Vinovich,CAR00,Bank of America Stadium,True
2024_15_KC_CLE,2024,REG,15,2024-12-15,Sunday,13:00,KC,21.0,CLE,7.0,Home,-14.0,28.0,0.0,2024121501,59718.0,,202412150cle,,401671854,6659.0,7,7,-230.0,190.0,-4.5,-110.0,-110.0,41.5,-112.0,-108.0,0,outdoors,grass,40.0,18.0,00-0033873,00-0031503,Patrick Mahomes,Jameis Winston,Andy Reid,Kevin Stefanski,Tra Blake,CLE00,FirstEnergy Stadium,True
2024_15_MIA_HOU,2024,REG,15,2024-12-15,Sunday,13:00,MIA,12.0,HOU,20.0,Home,8.0,32.0,0.0,2024121502,59719.0,,202412150htx,,401671860,6660.0,7,14,130.0,-155.0,2.5,-105.0,-115.0,46.5,-112.0,-108.0,0,closed,astroturf,,,00-0036212,00-0039163,Tua Tagovailoa,C.J. Stroud,Mike McDaniel,DeMeco Ryans,Alex Kemp,HOU00,NRG Stadium,True
2024_15_NYJ_JAX,2024,REG,15,2024-12-15,Sunday,13:00,NYJ,32.0,JAX,25.0,Home,-7.0,57.0,0.0,2024121503,59720.0,,202412150jax,,401671706,6661.0,7,7,-175.0,145.0,-3.5,-102.0,-118.0,41.5,-112.0,-108.0,0,outdoors,grass,,,00-0023459,00-0036972,Aaron Rodgers,Mac Jones,Robert Saleh,Doug Pederson,Brad Rogers,JAX00,TIAA Bank Stadium,True
2024_15_WAS_NO,2024,REG,15,2024-12-15,Sunday,13:00,WAS,20.0,NO,19.0,Home,-1.0,39.0,0.0,2024121504,59721.0,,202412150nor,,401671737,6662.0,14,7,-375.0,295.0,-7.5,-112.0,-108.0,44.5,-108.0,-112.0,0,dome,sportturf,,,00-0039910,00-0038998,Jayden Daniels,Jake Haener,Dan Quinn,Dennis Allen,Shawn Hochuli,NOR00,Mercedes-Benz Superdome,True
2024_15_BAL_NYG,2024,REG,15,2024-12-15,Sunday,13:00,BAL,35.0,NYG,14.0,Home,-21.0,49.0,0.0,2024121505,59722.0,,202412150nyg,,401671639,6663.0,14,7,-1800.0,1000.0,-16.5,-112.0,-108.0,43.5,-112.0,-108.0,0,outdoors,fieldturf,36.0,6.0,00-0034796,00-0038476,Lamar Jackson,Tommy DeVito,John Harbaugh,Brian Daboll,Brad Allen,NYC01,MetLife Stadium,False
2024_15_CIN_TEN,2024,REG,15,2024-12-15,Sunday,13:00,CIN,37.0,TEN,27.0,Home,-10.0,64.0,0.0,2024121506,59723.0,,202412150oti,,401671825,6664.0,6,7,-250.0,205.0,-6.0,-110.0,-110.0,46.5,-112.0,-108.0,0,outdoors,grass,52.0,12.0,00-0036442,00-0039152,Joe Burrow,Will Levis,Zac Taylor,Brian Callahan,Craig Wrolstad,NAS00,Nissan Stadium,True
2024_15_NE_ARI,2024,REG,15,2024-12-15,Sunday,16:25,NE,17.0,ARI,30.0,Home,13.0,47.0,0.0,2024121507,59724.0,,202412150crd,,401671677,6665.0,14,7,210.0,-258.0,6.0,-108.0,-112.0,46.5,-110.0,-110.0,0,closed,grass,,,00-0039851,00-0035228,Drake Maye,Kyler Murray,Jerod Mayo,Jonathan Gannon,Ron Torbert,PHO00,State Farm Stadium,False
2024_15_IND_DEN,2024,REG,15,2024-12-15,Sunday,16:25,IND,13.0,DEN,31.0,Home,18.0,44.0,0.0,2024121508,59725.0,,202412150den,,401671669,6666.0,14,13,195.0,-238.0,4.5,-105.0,-115.0,43.5,-108.0,-112.0,0,outdoors,grass,55.0,15.0,00-0039164,00-0039732,Anthony Richardson,Bo Nix,Shane Steichen,Sean Payton,Carl Cheffers,DEN00,Empower Field at Mile High,True
2024_15_BUF_DET,2024,REG,15,2024-12-15,Sunday,16:25,BUF,48.0,DET,42.0,Home,-6.0,90.0,0.0,2024121509,59726.0,,202412150det,,401671681,6667.0,7,10,110.0,-130.0,2.5,-110.0,-110.0,55.5,-110.0,-110.0,0,dome,fieldturf,,,00-0034857,00-0033106,Josh Allen,Jared Goff,Sean McDermott,Dan Campbell,Adrian Hill,DET00,Ford Field,False
2024_15_TB_LAC,2024,REG,15,2024-12-15,Sunday,16:25,TB,40.0,LAC,17.0,Home,-23.0,57.0,0.0,2024121510,59727.0,,202412150sdg,,401671762,6668.0,7,7,136.0,-162.0,3.0,-105.0,-115.0,46.0,-108.0,-112.0,0,dome,matrixturf,,,00-0034855,00-0036355,Baker Mayfield,Justin Herbert,Todd Bowles,Jim Harbaugh,Scott Novak,LAX01,SoFi Stadium,False
2024_15_PIT_PHI,2024,REG,15,2024-12-15,Sunday,16:25,PIT,13.0,PHI,27.0,Home,14.0,40.0,0.0,2024121511,59728.0,,202412150phi,,401671766,6669.0,7,7,215.0,-265.0,5.5,-110.0,-110.0,43.0,-110.0,-110.0,0,outdoors,grass,37.0,5.0,00-0029263,00-0036389,Russell Wilson,Jalen Hurts,Mike Tomlin,Nick Sirianni,Alan Eck,PHI00,Lincoln Financial Field,False
2024_15_GB_SEA,2024,REG,15,2024-12-15,Sunday,20:20,GB,30.0,SEA,13.0,Home,-17.0,43.0,0.0,2024121512,59729.0,,202412150sea,,401671796,6670.0,10,7,-162.0,136.0,-3.0,-110.0,-110.0,48.0,-110.0,-110.0,0,outdoors,fieldturf,43.0,3.0,00-0036264,00-0030565,Jordan Love,Geno Smith,Matt LaFleur,Mike Macdonald,Clete Blakeman,SEA00,Lumen Field,True
2024_15_CHI_MIN,2024,REG,15,2024-12-16,Monday,20:00,CHI,12.0,MIN,30.0,Home,18.0,42.0,0.0,2024121600,59730.0,,202412160min,,401671489,6671.0,8,8,260.0,-325.0,7.0,-115.0,-105.0,43.5,-110.0,-110.0,1,dome,sportturf,,,00-0039918,00-0034869,Caleb Williams,Sam Darnold,Matt Eberflus,Kevin O'Connell,John Hussey,MIN01,U.S. Bank Stadium,True
2024_15_ATL_LV,2024,REG,15,2024-12-16,Monday,20:30,ATL,15.0,LV,9.0,Home,-6.0,24.0,0.0,2024121601,59731.0,,202412160rai,,401671697,6672.0,8,8,-345.0,275.0,-6.5,-110.0,-110.0,44.5,-110.0,-110.0,0,dome,grass,,,00-0029604,00-0038579,Kirk Cousins,Aidan O'Connell,Raheem Morris,Antonio Pierce,Shawn Smith,VEG00,Allegiant Stadium,False
2024_16_DEN_LAC,2024,REG,16,2024-12-19,Thursday,20:15,DEN,27.0,LAC,34.0,Home,7.0,61.0,0.0,2024121901,59742.0,,202412190sdg,,401671749,6683.0,4,4,124.0,-148.0,3.0,-120.0,100.0,41.5,-110.0,-110.0,1,dome,matrixturf,,,00-0039732,00-0036355,Bo Nix,Justin Herbert,Sean Payton,Jim Harbaugh,Clay Martin,LAX01,SoFi Stadium,True
2024_16_HOU_KC,2024,REG,16,2024-12-21,Saturday,13:00,HOU,19.0,KC,27.0,Home,8.0,46.0,0.0,2024122100,59733.0,,202412210kan,,401671780,6674.0,6,6,150.0,-180.0,3.5,-120.0,100.0,42.5,-108.0,-112.0,0,outdoors,grass,30.0,5.0,00-0039163,00-0033873,C.J. Stroud,Patrick Mahomes,DeMeco Ryans,Andy Reid,Carl Cheffers,KAN00,GEHA Field at Arrowhead Stadium,True
2024_16_PIT_BAL,2024,REG,16,2024-12-21,Saturday,16:30,PIT,17.0,BAL,34.0,Home,17.0,51.0,0.0,2024122101,59734.0,,202412210rav,,401671778,6675.0,6,6,275.0,-345.0,7.0,-115.0,-105.0,44.5,-112.0,-108.0,1,outdoors,grass,35.0,15.0,00-0029263,00-0034796,Russell Wilson,Lamar Jackson,Mike Tomlin,John Harbaugh,Bill Vinovich,BAL00,M&T Bank Stadium,True
2024_16_NYG_ATL,2024,REG,16,2024-12-22,Sunday,13:00,NYG,7.0,ATL,34.0,Home,27.0,41.0,0.0,2024122202,59735.0,,202412220atl,,401671729,6676.0,7,6,410.0,-550.0,9.5,-110.0,-110.0,42.5,-110.0,-110.0,0,closed,fieldturf,,,00-0038476,00-0039917,Tommy DeVito,Michael Penix Jr.,Brian Daboll,Raheem Morris,Tra Blake,ATL97,Mercedes-Benz Stadium,True
2024_16_ARI_CAR,2024,REG,16,2024-12-22,Sunday,13:00,ARI,30.0,CAR,36.0,Home,6.0,66.0,1.0,2024122204,59737.0,,202412220car,,401671732,6678.0,7,7,-245.0,200.0,-5.5,-110.0,-110.0,47.0,-110.0,-110.0,0,outdoors,grass,37.0,10.0,00-0035228,00-0039150,Kyler Murray,Bryce Young,Jonathan Gannon,Dave Canales,Adrian Hill,CAR00,Bank of America Stadium,True
2024_16_DET_CHI,2024,REG,16,2024-12-22,Sunday,13:00,DET,34.0,CHI,17.0,Home,-17.0,51.0,0.0,2024122205,59738.0,,202412220chi,,401671868,6679.0,7,6,-340.0,270.0,-7.0,-110.0,-110.0,47.5,-110.0,-110.0,1,outdoors,grass,29.0,7.0,00-0033106,00-0039918,Jared Goff,Caleb Williams,Dan Campbell,Matt Eberflus,Clete Blakeman,CHI98,Soldier Field,True
2024_16_CLE_CIN,2024,REG,16,2024-12-22,Sunday,13:00,CLE,6.0,CIN,24.0,Home,18.0,30.0,0.0,2024122214,59732.0,,202412220cin,,401671811,6673.0,7,7,425.0,-575.0,10.0,-108.0,-112.0,46.5,-112.0,-108.0,1,outdoors,fieldturf,33.0,6.0,00-0031503,00-0036442,Jameis Winston,Joe Burrow,Kevin Stefanski,Zac Taylor,Brad Rogers,CIN00,Paycor Stadium,True
2024_16_TEN_IND,2024,REG,16,2024-12-22,Sunday,13:00,TEN,30.0,IND,38.0,Home,8.0,68.0,0.0,2024122206,59739.0,,202412220clt,,401671862,6680.0,7,7,164.0,-198.0,4.0,-112.0,-108.0,42.5,-108.0,-112.0,1,closed,fieldturf,,,00-0034771,00-0026158,Mason Rudolph,Joe Flacco,Brian Callahan,Shane Steichen,John Hussey,IND00,Lucas Oil Stadium,True
2024_16_LA_NYJ,2024,REG,16,2024-12-22,Sunday,13:00,LA,19.0,NYJ,9.0,Home,-10.0,28.0,0.0,2024122207,59740.0,,202412220nyj,,401671621,6681.0,10,7,-162.0,136.0,-3.0,-105.0,-115.0,47.0,-110.0,-110.0,0,outdoors,fieldturf,23.0,8.0,00-0026498,00-0023459,Matthew Stafford,Aaron Rodgers,Sean McVay,Robert Saleh,Ron Torbert,NYC01,MetLife Stadium,False
2024_16_PHI_WAS,2024,REG,16,2024-12-22,Sunday,13:00,PHI,33.0,WAS,36.0,Home,3.0,69.0,0.0,2024122208,59741.0,,202412220was,,401671717,6682.0,7,7,-218.0,180.0,-4.0,-115.0,-105.0,47.0,-110.0,-110.0,1,outdoors,grass,32.0,8.0,00-0036389,00-0039910,Jalen Hurts,Jayden Daniels,Nick Sirianni,Dan Quinn,Shawn Smith,WAS00,FedExField,True
2024_16_MIN_SEA,2024,REG,16,2024-12-22,Sunday,16:05,MIN,27.0,SEA,24.0,Home,-3.0,51.0,0.0,2024122210,59743.0,,202412220sea,,401671759,6684.0,6,7,-148.0,124.0,-2.5,-115.0,-105.0,43.0,-115.0,-105.0,0,outdoors,fieldturf,48.0,5.0,00-0034869,00-0030565,Sam Darnold,Geno Smith,Kevin O'Connell,Mike Macdonald,Craig Wrolstad,SEA00,Lumen Field,True
2024_16_NE_BUF,2024,REG,16,2024-12-22,Sunday,16:25,NE,21.0,BUF,24.0,Home,3.0,45.0,0.0,2024122203,59736.0,,202412220buf,,401671494,6677.0,7,7,700.0,-1100.0,14.0,-110.0,-110.0,48.0,-110.0,-110.0,1,outdoors,a_turf,14.0,2.0,00-0039851,00-0034857,Drake Maye,Josh Allen,Jerod Mayo,Sean McDermott,Brad Allen,BUF00,New Era Field,True
2024_16_JAX_LV,2024,REG,16,2024-12-22,Sunday,16:25,JAX,14.0,LV,19.0,Home,5.0,33.0,0.0,2024122211,59744.0,,202412220rai,,401671673,6685.0,7,6,110.0,-130.0,2.5,-110.0,-110.0,41.5,-112.0,-108.0,0,dome,grass,,,00-0036972,00-0038579,Mac Jones,Aidan O'Connell,Doug Pederson,Antonio Pierce,Shawn Hochuli,VEG00,Allegiant Stadium,True
2024_16_SF_MIA,2024,REG,16,2024-12-22,Sunday,16:25,SF,17.0,MIA,29.0,Home,12.0,46.0,0.0,2024122212,59745.0,,202412220mia,,401671874,6686.0,10,7,-125.0,105.0,-2.0,-108.0,-112.0,44.0,-108.0,-112.0,0,outdoors,grass,73.0,12.0,00-0037834,00-0036212,Brock Purdy,Tua Tagovailoa,Kyle Shanahan,Mike McDaniel,Scott Novak,MIA00,Hard Rock Stadium,False
2024_16_TB_DAL,2024,REG,16,2024-12-22,Sunday,20:20,TB,24.0,DAL,26.0,Home,2.0,50.0,0.0,2024122213,59746.0,,202412220dal,,401671790,6687.0,7,7,-218.0,180.0,-4.5,-105.0,-115.0,47.5,-110.0,-110.0,0,closed,matrixturf,,,00-0034855,00-0033662,Baker Mayfield,Cooper Rush,Todd Bowles,Mike McCarthy,Land Clark,DAL00,AT&T Stadium,True
2024_16_NO_GB,2024,REG,16,2024-12-23,Monday,20:15,NO,0.0,GB,34.0,Home,34.0,34.0,0.0,2024122300,59747.0,,202412230gnb,,401671692,6688.0,8,8,625.0,-950.0,14.0,-105.0,-115.0,44.0,-110.0,-110.0,0,outdoors,grass,34.0,12.0,00-0038998,00-0036264,Jake Haener,Jordan Love,Dennis Allen,Matt LaFleur,Alex Kemp,GNB00,Lambeau Field,True
2024_17_KC_PIT,2024,REG,17,2024-12-25,Wednesday,13:00,KC,29.0,PIT,10.0,Home,-19.0,39.0,0.0,2024122500,59748.0,,202412250pit,,401671799,6689.0,4,4,-162.0,136.0,-3.0,-105.0,-115.0,43.5,-110.0,-110.0,0,outdoors,grass,39.0,2.0,00-0033873,00-0029263,Patrick Mahomes,Russell Wilson,Andy Reid,Mike Tomlin,Craig Wrolstad,PIT00,Acrisure Stadium,True
2024_17_BAL_HOU,2024,REG,17,2024-12-25,Wednesday,16:30,BAL,31.0,HOU,2.0,Home,-29.0,33.0,0.0,2024122501,59749.0,,202412250htx,,401671800,6690.0,4,4,-245.0,200.0,-5.5,-108.0,-112.0,46.5,-112.0,-108.0,0,closed,astroturf,,,00-0034796,00-0039163,Lamar Jackson,C.J. Stroud,John Harbaugh,DeMeco Ryans,Alan Eck,HOU00,NRG Stadium,True
2024_17_SEA_CHI,2024,REG,17,2024-12-26,Thursday,20:15,SEA,6.0,CHI,3.0,Home,-3.0,9.0,0.0,2024122600,59750.0,,202412260chi,,401671876,6691.0,4,4,-192.0,160.0,-3.5,-118.0,-102.0,43.5,-112.0,-108.0,0,outdoors,grass,47.0,5.0,00-0030565,00-0039918,Geno Smith,Caleb Williams,Mike Macdonald,Matt Eberflus,Scott Novak,CHI98,Soldier Field,True
2024_17_LAC_NE,2024,REG,17,2024-12-28,Saturday,13:00,LAC,40.0,NE,7.0,Home,-33.0,47.0,0.0,2024122800,59753.0,,202412280nwe,,401671832,6694.0,9,6,-305.0,245.0,-6.0,-118.0,-102.0,42.0,-108.0,-112.0,0,outdoors,fieldturf,40.0,4.0,00-0036355,00-0039851,Justin Herbert,Drake Maye,Jim Harbaugh,Jerod Mayo,John Hussey,BOS00,Gillette Stadium,True
2024_17_DEN_CIN,2024,REG,17,2024-12-28,Saturday,16:30,DEN,24.0,CIN,30.0,Home,6.0,54.0,1.0,2024122801,59751.0,,202412280cin,,401671835,6692.0,9,6,145.0,-175.0,3.5,-115.0,-105.0,50.5,-110.0,-110.0,0,outdoors,fieldturf,60.0,8.0,00-0039732,00-0036442,Bo Nix,Joe Burrow,Sean Payton,Zac Taylor,Adrian Hill,CIN00,Paycor Stadium,True
2024_17_ARI_LA,2024,REG,17,2024-12-28,Saturday,20:15,ARI,9.0,LA,13.0,Home,4.0,22.0,0.0,2024122802,59752.0,,202412280ram,,401671829,6693.0,6,6,,,6.5,,,,,,1,dome,matrixturf,,,00-0035228,00-0026498,Kyler Murray,Matthew Stafford,Jonathan Gannon,Sean McVay,Brad Rogers,LAX01,SoFi Stadium,True
2024_17_NYJ_BUF,2024,REG,17,2024-12-29,Sunday,13:00,NYJ,14.0,BUF,40.0,Home,26.0,54.0,0.0,2024122905,59756.0,,202412290buf,,401671495,6697.0,7,7,390.0,-520.0,10.0,-105.0,-115.0,44.5,-112.0,-108.0,1,outdoors,a_turf,54.0,15.0,00-0023459,00-0034857,Aaron Rodgers,Josh Allen,Robert Saleh,Sean McDermott,Clete Blakeman,BUF00,New Era Field,True
2024_17_TEN_JAX,2024,REG,17,2024-12-29,Sunday,13:00,TEN,13.0,JAX,20.0,Home,7.0,33.0,0.0,2024122906,59757.0,,202412290jax,,401671634,6698.0,7,7,-108.0,-112.0,-1.0,-105.0,-115.0,38.0,-110.0,-110.0,1,outdoors,grass,72.0,16.0,00-0034771,00-0036972,Mason Rudolph,Mac Jones,Brian Callahan,Doug Pederson,Shawn Smith,JAX00,TIAA Bank Stadium,True
2024_17_LV_NO,2024,REG,17,2024-12-29,Sunday,13:00,LV,25.0,NO,10.0,Home,-15.0,35.0,0.0,2024122908,59759.0,,202412290nor,,401671738,6700.0,7,6,-125.0,105.0,-2.0,-110.0,-110.0,37.5,-112.0,-108.0,0,dome,sportturf,,,00-0038579,00-0038998,Aidan O'Connell,Jake Haener,Antonio Pierce,Dennis Allen,Land Clark,NOR00,Mercedes-Benz Superdome,False
2024_17_IND_NYG,2024,REG,17,2024-12-29,Sunday,13:00,IND,33.0,NYG,45.0,Home,12.0,78.0,0.0,2024122903,59754.0,,202412290nyg,,401671846,6695.0,7,7,-410.0,320.0,-7.5,-112.0,-108.0,40.5,-112.0,-108.0,0,outdoors,fieldturf,54.0,0.0,00-0026158,00-0038476,Joe Flacco,Tommy DeVito,Shane Steichen,Brian Daboll,Bill Vinovich,NYC01,MetLife Stadium,False
2024_17_DAL_PHI,2024,REG,17,2024-12-29,Sunday,13:00,DAL,7.0,PHI,41.0,Home,34.0,48.0,0.0,2024122910,59761.0,,202412290phi,,401671765,6702.0,7,7,260.0,-325.0,7.5,-112.0,-108.0,37.5,-108.0,-112.0,1,outdoors,grass,62.0,10.0,00-0033662,00-0036389,Cooper Rush,Jalen Hurts,Mike McCarthy,Nick Sirianni,Brad Allen,PHI00,Lincoln Financial Field,True
2024_17_CAR_TB,2024,REG,17,2024-12-29,Sunday,13:00,CAR,14.0,TB,48.0,Home,34.0,62.0,0.0,2024122909,59760.0,,202412290tam,,401671653,6701.0,7,7,380.0,-500.0,9.5,-105.0,-115.0,47.5,-108.0,-112.0,1,outdoors,grass,76.0,8.0,00-0039150,00-0034855,Bryce Young,Baker Mayfield,Dave Canales,Todd Bowles,Clay Martin,TAM00,Raymond James Stadium,True
2024_17_MIA_CLE,2024,REG,17,2024-12-29,Sunday,16:05,MIA,20.0,CLE,3.0,Home,-17.0,23.0,0.0,2024122911,59762.0,,202412290cle,,401671877,6703.0,7,7,-170.0,142.0,-3.0,-115.0,-105.0,32.5,-112.0,-108.0,0,outdoors,grass,54.0,15.0,00-0035993,00-0031503,Tyler Huntley,Jameis Winston,Mike McDaniel,Kevin Stefanski,Ron Torbert,CLE00,FirstEnergy Stadium,True
2024_17_GB_MIN,2024,REG,17,2024-12-29,Sunday,16:25,GB,25.0,MIN,27.0,Home,2.0,52.0,0.0,2024122907,59758.0,,202412290min,,401671725,6699.0,6,7,-112.0,-108.0,-1.0,-105.0,-115.0,49.0,-110.0,-110.0,1,dome,sportturf,,,00-0036264,00-0034869,Jordan Love,Sam Darnold,Matt LaFleur,Kevin O'Connell,Carl Cheffers,MIN01,U.S. Bank Stadium,True
2024_17_ATL_WAS,2024,REG,17,2024-12-29,Sunday,20:20,ATL,24.0,WAS,30.0,Home,6.0,54.0,1.0,2024122904,59755.0,,202412290was,,401671842,6696.0,7,7,160.0,-192.0,3.5,-115.0,-105.0,46.5,-110.0,-110.0,0,outdoors,grass,58.0,10.0,00-0039917,00-0039910,Michael Penix Jr.,Jayden Daniels,Raheem Morris,Dan Quinn,Alex Kemp,WAS00,FedExField,True
2024_17_DET_SF,2024,REG,17,2024-12-30,Monday,20:15,DET,40.0,SF,34.0,Home,-6.0,74.0,0.0,2024123000,59763.0,,202412300sfo,,401671698,6704.0,8,8,-230.0,190.0,-4.0,-112.0,-108.0,50.5,-110.0,-110.0,0,outdoors,grass,,,00-0033106,00-0037834,Jared Goff,Brock Purdy,Dan Campbell,Kyle Shanahan,Shawn Hochuli,SFO01,Levi's Stadium,True
2024_18_CLE_BAL,2024,REG,18,2025-01-04,Saturday,16:30,CLE,10.0,BAL,35.0,Home,25.0,45.0,0.0,2025010400,59766.0,,202501040rav,,401671834,6707.0,6,10,1200.0,-2400.0,19.5,-105.0,-115.0,42.5,-108.0,-112.0,1,outdoors,grass,31.0,16.0,00-0038108,00-0034796,Bailey Zappe,Lamar Jackson,Kevin Stefanski,John Harbaugh,Scott Novak,BAL00,M&T Bank Stadium,True
2024_18_CIN_PIT,2024,REG,18,2025-01-04,Saturday,20:00,CIN,19.0,PIT,17.0,Home,-2.0,36.0,0.0,2025010401,59777.0,,202501040pit,,401671836,6718.0,7,10,-148.0,124.0,-2.5,-118.0,-102.0,48.5,-112.0,-108.0,1,outdoors,grass,19.0,10.0,00-0036442,00-0029263,Joe Burrow,Russell Wilson,Zac Taylor,Mike Tomlin,John Hussey,PIT00,Acrisure Stadium,True
2024_18_CAR_ATL,2024,REG,18,2025-01-05,Sunday,13:00,CAR,44.0,ATL,38.0,Home,-6.0,82.0,1.0,2025010501,59765.0,,202501050atl,,401671827,6706.0,7,7,300.0,-380.0,7.5,-105.0,-115.0,48.5,-108.0,-112.0,1,closed,fieldturf,,,00-0039150,00-0039917,Bryce Young,Michael Penix Jr.,Dave Canales,Raheem Morris,Land Clark,ATL97,Mercedes-Benz Stadium,True
2024_18_WAS_DAL,2024,REG,18,2025-01-05,Sunday,13:00,WAS,23.0,DAL,19.0,Home,-4.0,42.0,0.0,2025010503,59767.0,,202501050dal,,401671840,6708.0,7,7,-310.0,250.0,-7.0,-108.0,-112.0,43.5,-118.0,-102.0,1,closed,matrixturf,,,00-0039910,00-0037012,Jayden Daniels,Trey Lance,Dan Quinn,Mike McCarthy,Clete Blakeman,DAL00,AT&T Stadium,True
2024_18_CHI_GB,2024,REG,18,2025-01-05,Sunday,13:00,CHI,24.0,GB,22.0,Home,-2.0,46.0,0.0,2025010506,59770.0,,202501050gnb,,401671844,6711.0,10,7,320.0,-410.0,10.0,-115.0,-105.0,41.5,-108.0,-112.0,1,outdoors,grass,16.0,13.0,00-0039918,00-0036264,Caleb Williams,Jordan Love,Matt Eberflus,Matt LaFleur,Clay Martin,GNB00,Lambeau Field,True
2024_18_JAX_IND,2024,REG,18,2025-01-05,Sunday,13:00,JAX,23.0,IND,26.0,Home,3.0,49.0,1.0,2025010507,59771.0,,202501050clt,,401671837,6712.0,7,7,150.0,-180.0,3.5,-110.0,-110.0,45.5,-105.0,-110.0,1,closed,fieldturf,,,00-0036972,00-0026158,Mac Jones,Joe Flacco,Doug Pederson,Shane Steichen,Alex Kemp,IND00,Lucas Oil Stadium,True
2024_18_BUF_NE,2024,REG,18,2025-01-05,Sunday,13:00,BUF,16.0,NE,23.0,Home,7.0,39.0,0.0,2025010510,59774.0,,202501050nwe,,401671831,6715.0,7,8,-166.0,140.0,-3.0,-112.0,-108.0,36.5,-108.0,-112.0,1,outdoors,fieldturf,33.0,14.0,00-0033869,00-0039398,Mitchell Trubisky,Joe Milton III,Sean McDermott,Jerod Mayo,Alan Eck,BOS00,Gillette Stadium,True
2024_18_NYG_PHI,2024,REG,18,2025-01-05,Sunday,13:00,NYG,13.0,PHI,20.0,Home,7.0,33.0,0.0,2025010512,59776.0,,202501050phi,,401671841,6717.0,7,7,130.0,-155.0,3.0,-110.0,-110.0,36.5,-118.0,-102.0,1,outdoors,grass,31.0,19.0,00-0035704,00-0038400,Drew Lock,Tanner McKee,Brian Daboll,Nick Sirianni,Ron Torbert,PHI00,Lincoln Financial Field,True
2024_18_NO_TB,2024,REG,18,2025-01-05,Sunday,13:00,NO,19.0,TB,27.0,Home,8.0,46.0,0.0,2025010514,59778.0,,202501050tam,,401671828,6719.0,7,7,675.0,-1050.0,14.5,-102.0,-118.0,44.5,-112.0,-108.0,1,outdoors,grass,68.0,6.0,00-0039376,00-0034855,Spencer Rattler,Baker Mayfield,Dennis Allen,Todd Bowles,Adrian Hill,TAM00,Raymond James Stadium,True
2024_18_HOU_TEN,2024,REG,18,2025-01-05,Sunday,13:00,HOU,23.0,TEN,14.0,Home,-9.0,37.0,0.0,2025010515,59779.0,,202501050oti,,401671826,6720.0,11,7,120.0,-142.0,2.5,-108.0,-112.0,36.5,-108.0,-112.0,1,outdoors,grass,35.0,10.0,00-0036898,00-0034771,Davis Mills,Mason Rudolph,DeMeco Ryans,Brian Callahan,Brad Allen,NAS00,Nissan Stadium,True
2024_18_SF_ARI,2024,REG,18,2025-01-05,Sunday,16:25,SF,24.0,ARI,47.0,Home,23.0,71.0,0.0,2025010500,59764.0,,202501050crd,,401671845,6705.0,6,8,160.0,-192.0,4.5,-110.0,-110.0,42.5,-110.0,-110.0,1,closed,grass,,,00-0033949,00-0035228,Joshua Dobbs,Kyler Murray,Kyle Shanahan,Jonathan Gannon,Shawn Smith,PHO00,State Farm Stadium,True
2024_18_KC_DEN,2024,REG,18,2025-01-05,Sunday,16:25,KC,0.0,DEN,38.0,Home,38.0,38.0,0.0,2025010504,59768.0,,202501050den,,401671838,6709.0,11,8,370.0,-485.0,10.5,-115.0,-105.0,40.5,-115.0,-105.0,1,outdoors,grass,28.0,5.0,00-0032950,00-0039732,Carson Wentz,Bo Nix,Andy Reid,Sean Payton,Shawn Hochuli,DEN00,Empower Field at Mile High,True
2024_18_SEA_LA,2024,REG,18,2025-01-05,Sunday,16:25,SEA,30.0,LA,25.0,Home,-5.0,55.0,0.0,2025010508,59772.0,,202501050ram,,401671830,6713.0,10,8,-360.0,285.0,-7.5,-110.0,-110.0,38.5,-112.0,-108.0,1,dome,matrixturf,,,00-0030565,00-0031345,Geno Smith,Jimmy Garoppolo,Mike Macdonald,Sean McVay,Bill Vinovich,LAX01,SoFi Stadium,True
2024_18_LAC_LV,2024,REG,18,2025-01-05,Sunday,16:25,LAC,34.0,LV,20.0,Home,-14.0,54.0,0.0,2025010509,59773.0,,202501050rai,,401671839,6714.0,8,7,-345.0,275.0,-7.0,-118.0,-102.0,42.5,-112.0,-108.0,1,dome,grass,,,00-0036355,00-0038579,Justin Herbert,Aidan O'Connell,Jim Harbaugh,Antonio Pierce,Carl Cheffers,VEG00,Allegiant Stadium,True
2024_18_MIA_NYJ,2024,REG,18,2025-01-05,Sunday,16:25,MIA,20.0,NYJ,32.0,Home,12.0,52.0,0.0,2025010511,59775.0,,202501050nyj,,401671833,6716.0,7,7,102.0,-122.0,1.5,-110.0,-110.0,39.5,-112.0,-108.0,1,outdoors,fieldturf,34.0,10.0,00-0036212,00-0023459,Tua Tagovailoa,Aaron Rodgers,Mike McDaniel,Robert Saleh,Tra Blake,NYC01,MetLife Stadium,True
2024_18_MIN_DET,2024,REG,18,2025-01-05,Sunday,20:20,MIN,9.0,DET,31.0,Home,22.0,40.0,0.0,2025010505,59769.0,,202501050det,,401671843,6710.0,7,6,124.0,-148.0,3.0,-118.0,-102.0,56.5,-102.0,-118.0,1,dome,fieldturf,,,00-0034869,00-0033106,Sam Darnold,Jared Goff,Kevin O'Connell,Dan Campbell,Brad Rogers,DET00,Ford Field,True
2024_19_LAC_HOU,2024,WC,19,2025-01-11,Saturday,16:30,LAC,,HOU,,Home,,,,2025011100,,,202501110htx,,401671878,,6,6,,,,,,,,,0,closed,astroturf,,,,,,,Jim Harbaugh,DeMeco Ryans,,HOU00,NRG Stadium,True
2024_19_PIT_BAL,2024,WC,19,2025-01-11,Saturday,20:00,PIT,,BAL,,Home,,,,2025011101,,,202501110rav,,401671879,,7,7,,,,,,,,,1,outdoors,grass,,,,,,,Mike Tomlin,John Harbaugh,,BAL00,M&T Bank Stadium,True
2024_19_DEN_BUF,2024,WC,19,2025-01-12,Sunday,13:00,DEN,,BUF,,Home,,,,2025011200,,,202501120buf,,401671881,,7,7,,,,,,,,,0,outdoors,a_turf,,,,,,,Sean Payton,Sean McDermott,,BUF00,New Era Field,True
2024_19_GB_PHI,2024,WC,19,2025-01-12,Sunday,16:30,GB,,PHI,,Home,,,,2025011201,,,202501120phi,,401671880,,7,7,,,,,,,,,0,outdoors,,,,,,,,Matt LaFleur,Nick Sirianni,,PHI00,Lincoln Financial Field,True
2024_19_WAS_TB,2024,WC,19,2025-01-12,Sunday,20:00,WAS,,TB,,Home,,,,2025011202,,,202501120tam,,401671883,,7,7,,,,,,,,,0,outdoors,,,,,,,,Dan Quinn,Todd Bowles,,TAM00,Raymond James Stadium,True
2024_19_MIN_LA,2024,WC,19,2025-01-13,Monday,20:00,MIN,,LA,,Home,,,,2025011300,,,202501130ram,,401671882,,8,8,,,,,,,,,0,dome,,,,,,,,Kevin O'Connell,Sean McVay,,LAX01,SoFi Stadium,True
